字,拼音,IPA,備註
一,yaq5,iʌʔ5,
丁,dieng1,tiəŋ1,
丁,di1,ti1,
七,qiaq5,tɕʰiʌʔ5,
三,sang1,sã1,
下,xia4,ɕia4,
下,ha4,xa4,
丈,zhang4,tʂã4,
丈,zuo4,tsuo̞4,
上,shang4,ʂã4,
上,suo4,suo̞4,
上,ho4,xɔ4,
丑,chou3,tʂʰɤu3,
丐,gae4,kɛ4,
不,baq5,pʌʔ5,
丙,bieng3,piəŋ3,
世,shr4,ʂʅ4,
丕,pi1,pʰi1,
且,qie3,tɕʰie̞3,
丘,qiou1,tɕʰiɤu1,
丞,cheng2,tʂʰəŋ2,
丟,diou1,tiɤu1,
並,bieng4,piəŋ4,
丫,ya1,ia1,
中,zueng1,tsuəŋ1,
串,cuon4,tsʰuõ̞4,
丸,won2,uõ̞2,
凡,huon2,xuõ̞2,
丹,dang1,tã1,
主,zw3,tsʮ3,
乃,nae3,ȵɛ3,
久,jiou3,tɕiɤu3,
么,yo1,iɔ1,
之,zr1,tsɿ1,
尹,yeng3,iəŋ3,
乍,za4,tsa4,
乏,huaq6,xuʌʔ6,
乎,hu2,xu2,
乒,pieng1,pʰiəŋ1,
乓,pa1,pʰa1,
乖,guae1,kuɛ1,
乘,cheng2,tʂʰəŋ2,
乙,yaq5,iʌʔ5,
九,jiou3,tɕiɤu3,
也,ye3,ie̞3,
乞,qiaq5,tɕʰiʌʔ5,
乩,ji1,tɕi1,
乳,zsw3,zʮ3,
乾,gang1,kã1,
亂,luon4,luõ̞4,
了,lio3,liɔ3,
予,yu3,y3,
事,sr4,sɿ4,
二,er4,ər4,
于,yu2,y2,
云,yueng2,yəŋ2,
井,jieng3,tɕiəŋ3,
井,zei3,tsei3,
互,hu4,xu4,
五,wu3,u3,
亙,geng4,kəŋ4,
些,xie1,ɕie̞1,
亞,ya3,ia3,
亟,jiaq5,tɕiʌʔ5,
亡,won2,uõ̞2,
亡,wo2,uo̞2,
交,jio1,tɕiɔ1,
亦,yaq6,iʌʔ6,
亥,hae4,xɛ4,
亨,heng1,xəŋ1,
享,xiang3,ɕiã3,
京,jieng1,tɕiəŋ1,
京,ji1,tɕi1,
亭,tieng2,tʰiəŋ2,
亮,liang4,liã4,
亮,luo4,luo̞4,
人,reng2,ɻəŋ2,
仁,reng2,ɻəŋ2,
什,shaq6,ʂʌʔ6,
仃,dieng1,tiəŋ1,
仆,paq5,pʰʌʔ5,
仇,chou2,tʂʰɤu2,
仍,reng3,ɻəŋ3,
今,jieng1,tɕiəŋ1,
介,jie4,tɕie̞4,
仄,zaq5,tsʌʔ5,
以,yi3,i3,
付,hu4,xu4,
仔,zr3,tsɿ3,
仕,sr4,sɿ4,
他,ta1,tʰa1,
仗,zhang4,tʂã4,
代,dae4,tɛ4,
令,lieng4,liəŋ4,
仙,xie1,ɕie̞1,
仞,reng4,ɻəŋ4,
仿,huon3,xuõ̞3,
仿,huo3,xuo̞3,
伉,kang4,kʰã4,
伙,huo3,xuo̞3,
伙,huei3,xuei3,
伊,yi1,i1,
伕,hu2,xu2,
伍,wu3,u3,
伐,huaq6,xuʌʔ6,
休,xiou1,ɕiɤu1,
伏,huaq6,xuʌʔ6,
仲,zueng4,tsuəŋ4,
件,jie4,tɕie̞4,
任,reng2,ɻəŋ2,
任,reng4,ɻəŋ4,
仰,yuo3,yo̞3,
仰,yang3,iã3,
仳,pi2,pʰi2,
份,hueng4,xuəŋ4,
企,qi4,tɕʰi4,
位,wei4,uei4,
住,zw4,tsʮ4,
佇,zw4,tsʮ4,
佗,tuo2,tʰuo̞2,
佞,nieng4,ȵiəŋ4,
伴,bang4,pã4,
佛,huaq6,xuʌʔ6,
何,ho2,xɔ2,
估,gu3,ku3,
佐,zuo3,tsuo̞3,
佑,you4,iɤu4,
伽,qia2,tɕʰia2,
伽,jia2,tɕia2,
伺,sr4,sɿ4,
伺,cr4,tsʰɿ4,
伸,sheng1,ʂəŋ1,
佃,die4,tie̞4,
佔,zhang4,tʂã4,
似,sr4,sɿ4,
但,dang4,tã4,
作,zaq5,tsʌʔ5,
你,n3,ȵ3,
伯,biaq5,piʌʔ5,
低,di1,ti1,
伶,lieng2,liəŋ2,
余,yu2,y2,
佝,gou1,kɤu1,
佯,yang2,iã2,
佯,yuo2,yo̞2,
依,yi1,i1,
侍,sr4,sɿ4,
佳,jia1,tɕia1,
使,sr3,sɿ3,
佬,lo3,lɔ3,
供,gueng1,kuəŋ1,
供,gueng4,kuəŋ4,
例,li4,li4,
來,lae2,lɛ2,
侃,kang3,kʰã3,
佰,miaq6,miʌʔ6,
併,bieng4,piəŋ4,
侈,cr3,tsʰɿ3,
佩,pae4,pʰɛ4,
佻,tio1,tʰiɔ1,
侖,lueng2,luəŋ2,
佾,yaq6,iʌʔ6,
侏,zw1,tsʮ1,
信,xieng4,ɕiəŋ4,
侵,qieng1,tɕʰiəŋ1,
侯,hou2,xɤu2,
便,pie2,pʰie̞2,
便,bie4,pie̞4,
俠,xiaq6,ɕiʌʔ6,
俑,yueng3,yəŋ3,
俏,qio4,tɕʰiɔ4,
保,bo3,pɔ3,
促,qyuaq5,tɕʰyʌʔ5,
侶,luei3,luei3,
俘,hu1,xu1,
俟,sr4,sɿ4,
俊,jyueng4,tɕyəŋ4,
俗,xyuaq6,ɕyʌʔ6,
侮,wu1,u1,
俐,li4,li4,
俄,ngo2,ŋɔ2,
係,xi4,ɕi4,
俚,li3,li3,
俎,zw3,tsʮ3,
俞,yu2,y2,
倌,guon1,kuõ̞1,
倍,bae4,pɛ4,
倣,huon3,xuõ̞3,
倣,huo3,xuo̞3,
俯,hu3,xu3,
倦,jyue4,tɕyẽ̞4,
倥,kueng1,kʰuəŋ1,
俸,hueng4,xuəŋ4,
倩,qie4,tɕʰie̞4,
倖,xieng4,ɕiəŋ4,
值,zhr4,tʂʅ4,
借,jie4,tɕie̞4,
倚,yi3,i3,
倒,do3,tɔ3,
倒,do4,tɔ4,
們,meng2,məŋ2,
俺,nga3,ŋa3,
倀,chang1,tʂʰã1,
倔,jyuaq6,tɕyʌʔ6,
倨,jyu4,tɕy4,
俱,jyu4,tɕy4,
倡,chang1,tʂʰã1,
個,huae3,xuɛ3,
候,hou4,xɤu4,
倘,tang3,tʰã3,
俳,pae2,pʰɛ2,
修,xiou1,ɕiɤu1,
倭,wo1,uo̞1,
倪,ni2,ȵi2,
俾,bi3,pi3,
倫,lueng2,luəŋ2,
倉,cang1,tsʰã1,
倉,qyuo1,tɕʰyo̞1,
偺,za2,tsa2,
偽,wei4,uei4,
停,tieng2,tʰiəŋ2,
停,ti2,tʰi2,
假,jia3,tɕia3,
偃,ye3,ie̞3,
偌,raq6,ɻʌʔ6,
做,zou4,tsɤu4,
偉,wei3,uei3,
健,jie4,tɕie̞4,
偶,ngou3,ŋɤu3,
偎,wae1,uɛ1,
偕,xie2,ɕie̞2,
偵,zheng1,tʂəŋ1,
側,caq5,tsʰʌʔ5,
偷,tou1,tʰɤu1,
偏,pie1,pʰie̞1,
倏,suaq5,suʌʔ5,
傢,jia1,tɕia1,
傍,bang4,pã4,
傅,hu4,xu4,
備,bi4,pi4,
傑,jiaq6,tɕiʌʔ6,
傀,kuae2,kʰuɛ2,
傖,ceng2,tsʰəŋ2,
傘,sang3,sã3,
傭,yueng4,yəŋ4,
債,zae4,tsɛ4,
傲,ngo4,ŋɔ4,
傳,zuon4,tsuõ̞4,
僅,jieng3,tɕiəŋ3,
傾,qieng3,tɕʰiəŋ3,
催,cuae1,tsʰuɛ1,
傷,shang1,ʂã1,
傻,sha3,ʂa3,
傯,zueng3,tsuəŋ3,
僧,seng1,səŋ1,
僮,tueng2,tʰuəŋ2,
僥,jio3,tɕiɔ3,
僖,xi1,ɕi1,
僭,jie4,tɕie̞4,
僚,lio2,liɔ2,
僕,paq6,pʰʌʔ6,
像,xiang4,ɕiã4,
像,xyuo4,ɕyo̞4,
僑,qio2,tɕʰiɔ2,
僱,gu4,ku4,
億,yi4,i4,
儀,ni2,ȵi2,
僻,piaq5,pʰiʌʔ5,
僵,jiang1,tɕiã1,
價,jia4,tɕia4,
儂,neng2,ȵəŋ2,
儈,kuae4,kʰuɛ4,
儉,jie3,tɕie̞3,
儒,zsw2,zʮ2,
儘,jieng3,tɕiəŋ3,
儔,chou2,tʂʰɤu2,
儐,bieng1,piəŋ1,
優,you1,iɤu1,
償,chang2,tʂʰã2,
償,shang3,ʂã3,
儡,luei4,luei4,
儲,cw3,tsʰʮ3,
儷,li4,li4,
儼,nie3,ȵie̞3,
兀,waq6,uʌʔ6,
兀,waq5,uʌʔ5,
元,yue2,yẽ̞2,
允,yueng3,yəŋ3,
充,cueng1,tsʰuəŋ1,
兄,xyueng1,ɕyəŋ1,
兄,xyu1,ɕy1,
光,guon1,kuõ̞1,
光,guo1,kuo̞1,
兇,xyueng1,ɕyəŋ1,
兆,zho4,tʂɔ4,
先,xie1,ɕie̞1,
兌,duae4,tuɛ4,
克,kaq5,kʰʌʔ5,
兕,sr4,sɿ4,
免,mie3,mie̞3,
兔,tu4,tʰu4,
兒,er2,ər2,
兗,ye3,ie̞3,
兜,dou1,tɤu1,
兢,jieng1,tɕiəŋ1,
入,raq6,ɻʌʔ6,
入,zuaq6,tsuʌʔ6,
內,nae4,ȵɛ4,
全,qyue2,tɕʰyẽ̞2,
兩,liang3,liã3,
兩,lia3,lia3,
八,baq5,pʌʔ5,
六,luaq6,luʌʔ6,
六,liou4,liɤu4,
兮,xi1,ɕi1,
公,gueng1,kuəŋ1,
共,gueng4,kuəŋ4,
兵,bieng1,piəŋ1,
具,jyu4,tɕy4,
其,qi2,tɕʰi2,
典,die3,tie̞3,
兼,jie1,tɕie̞1,
冀,ji4,tɕi4,
冉,rang2,ɻã2,
冊,caq5,tsʰʌʔ5,
再,zae4,tsɛ4,
冒,mo4,mɔ4,
冑,zhou4,tʂɤu4,
冕,mie3,mie̞3,
最,zuei4,tsuei4,
冗,zsueng3,zuəŋ3,
冠,guon1,kuõ̞1,
冠,guon4,kuõ̞4,
冤,yue1,yẽ̞1,
冥,mieng2,miəŋ2,
冢,zueng3,tsuəŋ3,
冬,dueng1,tuəŋ1,
冰,bieng1,piəŋ1,
冶,ye3,ie̞3,
冷,leng3,ləŋ3,
冷,lia3,lia3,
冽,liaq6,liʌʔ6,
凍,dueng1,tuəŋ1,
凍,dueng4,tuəŋ4,
凌,lieng2,liəŋ2,
凌,li2,li2,
准,zueng3,tsuəŋ3,
凋,dio1,tiɔ1,
凜,lieng3,liəŋ3,
凝,nieng2,ȵiəŋ2,
几,ji3,tɕi3,
凰,huon2,xuõ̞2,
凰,huo2,xuo̞2,
凱,kae3,kʰɛ3,
凳,deng4,təŋ4,
凶,xyueng1,ɕyəŋ1,
凹,wa4,ua4,
凹,ngo4,ŋɔ4,
出,cuaq5,tsʰuʌʔ5,
凸,tuaq5,tʰuʌʔ5,
函,hang2,xã2,
刀,do1,tɔ1,
刁,dio1,tiɔ1,
刃,reng4,ɻəŋ4,
分,hueng1,xuəŋ1,
切,qiaq5,tɕʰiʌʔ5,
刈,ni4,ȵi4,
刊,kang1,kʰã1,
列,liaq6,liʌʔ6,
刑,xieng2,ɕiəŋ2,
划,huaq6,xuʌʔ6,
刎,weng3,uəŋ3,
別,biaq6,piʌʔ6,
判,pang4,pʰã4,
利,li4,li4,
刪,sang4,sã4,
刨,po2,pʰɔ2,
刨,bo2,pɔ2,
刻,kaq5,kʰʌʔ5,
券,qyue4,tɕʰyẽ̞4,
刷,suaq5,suʌʔ5,
刺,cr4,tsʰɿ4,
到,do4,tɔ4,
刮,guaq5,kuʌʔ5,
制,zhi4,tʂi4,
剁,duo4,tuo̞4,
剁,duei4,tuei4,
剎,saq5,sʌʔ5,
剃,ti4,tʰi4,
削,xyuaq5,ɕyʌʔ5,
前,qie2,tɕʰie̞2,
前,jie2,tɕie̞2,
剌,laq6,lʌʔ6,
剋,kaq5,kʰʌʔ5,
則,zaq5,tsʌʔ5,
剖,pu1,pʰu1,存疑
剜,won1,uõ̞1,
剜,won3,uõ̞3,
剔,tiaq5,tʰiʌʔ5,
剛,gang1,kã1,
剝,baq5,pʌʔ5,
剪,jie3,tɕie̞3,
副,hu4,xu4,
割,gaq5,kʌʔ5,
剴,gae1,kɛ1,
創,cuon1,tsʰuõ̞1,
剩,sheng4,ʂəŋ4,
剩,she4,ʂʅɘ4,
剿,jio3,tɕiɔ3,
剷,cang3,tsʰã3,
剽,pio2,pʰiɔ2,
劃,hua4,xua4,
劇,jyu4,tɕy4,
劈,piaq5,pʰiʌʔ5,
劉,liou2,liɤu2,
劍,jie4,tɕie̞4,
劑,ji4,tɕi4,
劑,zei4,tsei4,
力,liaq6,liʌʔ6,
加,jia1,tɕia1,
功,gueng1,kuəŋ1,
劣,lyuaq6,lyʌʔ6,
劫,jiaq5,tɕiʌʔ5,
助,zw4,tsʮ4,
努,nou3,ȵɤu3,
劬,qyu2,tɕʰy2,
劾,haq6,xʌʔ6,
勇,yueng3,yəŋ3,
勉,mie3,mie̞3,
勃,baq6,pʌʔ6,
勁,jieng4,tɕiəŋ4,
勒,laq6,lʌʔ6,
務,wu4,u4,mu4存疑
務,mu4,mu4,
勘,kang4,kʰã4,
動,dueng4,tuəŋ4,
勞,lo2,lɔ2,
勝,sheng4,ʂəŋ4,shr1勝不住（存疑）
勝,shr1,ʂʅ1,
勛,xyueng1,ɕyəŋ1,
募,mu4,mu4,
勦,co2,tsʰɔ2,
勤,qieng2,tɕʰiəŋ2,
勢,shr4,ʂʅ4,
勵,li4,li4,
勸,qyue4,tɕʰyẽ̞4,
勻,yueng2,yəŋ2,
勻,yeng2,iəŋ2,
勾,gou1,kɤu1,
勿,waq6,uʌʔ6,
包,bo1,pɔ1,
匆,cueng1,tsʰuəŋ1,
匈,xyueng1,ɕyəŋ1,
匍,pu2,pʰu2,
匐,huaq6,xuʌʔ6,
匏,po2,pʰɔ2,
匕,bi3,pi3,
化,hua4,xua4,
北,biaq5,piʌʔ5,
北,baq5,pʌʔ5,
匙,cr2,tsʰɿ2,
匙,sr2,sɿ2,
匝,zaq5,tsʌʔ5,
匡,kuon1,kʰuõ̞1,
匠,jiang4,tɕiã4,
匠,jyuo4,tɕyo̞4,
匣,xiaq6,ɕiʌʔ6,
匣,haq6,xʌʔ6,
匪,huei3,xuei3,
匯,huae4,xuɛ4,
匱,kuei4,kʰuei4,
匹,piaq5,pʰiʌʔ5,
匿,niaq6,ȵiʌʔ6,
區,qyu1,tɕʰy1,
匾,bie3,pie̞3,
十,shaq6,ʂʌʔ6,
千,qie1,tɕʰie̞1,
午,wu3,u3,
升,sheng1,ʂəŋ1,
升,shr1,ʂʅ1,
卅,saq5,sʌʔ5,
仟,qie1,tɕʰie̞1,
半,bang4,pã4,
卉,huei4,xuei4,
卒,jyuaq5,tɕyʌʔ5,
協,xiaq6,ɕiʌʔ6,
卓,zuaq5,tsuʌʔ5,
卑,bei1,pei1,
南,nang2,ȵã2,
博,baq6,pʌʔ6,
卜,baq5,pʌʔ5,
卞,bie4,pie̞4,
卡,qia3,tɕʰia3,
卡,ka3,kʰa3,
占,zhang1,tʂã1,
卦,gua4,kua4,
卯,mo3,mɔ3,
卮,zr1,tsɿ1,
印,yeng4,iəŋ4,
危,wei2,uei2,
即,jiaq5,tɕiʌʔ5,
卵,luon3,luõ̞3,
卷,jyue4,tɕyẽ̞4,
卸,xie4,ɕie̞4,
卹,xyuaq5,ɕyʌʔ5,
卻,qyuaq5,tɕʰyʌʔ5,
卻,qiaq5,tɕʰiʌʔ5,
卿,qieng1,tɕʰiəŋ1,
厄,ngaq5,ŋʌʔ5,
厚,hou4,xɤu4,
原,yue2,yẽ̞2,
厝,cou4,tsʰɤu4,
厥,jyuaq5,tɕyʌʔ5,
厭,ye3,ie̞3,
厲,li4,li4,
去,qyu4,tɕʰy4,
參,seng1,səŋ1,
又,you4,iɤu4,
叉,ca1,tsʰa1,
友,you3,iɤu3,
及,jiaq6,tɕiʌʔ6,
反,huon1,xuõ̞1,
取,qyu3,tɕʰy3,
叔,suaq5,suʌʔ5,
受,shou4,ʂɤu4,
叛,pang4,pʰã4,
叟,sou3,sɤu3,
曼,mang4,mã4,
叢,cueng2,tsʰuəŋ2,
口,kou3,kʰɤu3,
可,ko3,kʰɔ3,
可,kie3,kʰie̞3,
可,kie1,kʰie̞1,
古,gu3,ku3,
右,you4,iɤu4,
召,zho4,tʂɔ4,
叮,dieng1,tiəŋ1,
叩,kou3,kʰɤu3,
叨,to1,tʰɔ1,
叨,do1,tɔ1,
叼,dio1,tiɔ1,
司,sr1,sɿ1,
叵,po3,pʰɔ3,
叫,jio4,tɕiɔ4,
另,lieng4,liəŋ4,
另,li4,li4,
只,zr3,tsɿ3,
史,sr3,sɿ3,
叱,chaq5,tʂʰʌʔ5,
台,tae1,tʰɛ1,
句,jyu4,tɕy4,
叭,baq5,pʌʔ5,
吉,jiaq5,tɕiʌʔ5,
吏,li4,li4,
同,tueng2,tʰuəŋ2,
同,dueng2,tuəŋ2,
吊,dio4,tiɔ4,
吐,tu3,tʰu3,
吁,xyu1,ɕy1,
各,gaq5,kʌʔ5,
向,xiang4,ɕiã4,
向,xyuo4,ɕyo̞4,
名,mieng2,miəŋ2,
名,mi2,mi2,
合,haq6,xʌʔ6,
合,gaq5,kʌʔ5,
吃,jiaq5,tɕiʌʔ5,
后,hou4,xɤu4,
吆,yo1,iɔ1,
吒,za4,tsa4,
吝,lieng4,liəŋ4,
吭,hang2,xã2,
吞,teng1,tʰəŋ1,
吾,wu2,u2,
否,hu3,xu3,
否,pi3,pʰi3,
吧,pa1,pʰa1,
呆,ngae2,ŋɛ2,
吳,wu2,u2,
呈,cheng2,tʂʰəŋ2,
呂,luei3,luei3,
君,jyueng1,tɕyəŋ1,
吩,hueng1,xuəŋ1,
告,go4,kɔ4,
吹,cuei1,tsʰuei1,
吻,weng3,uəŋ3,
吸,xiaq5,ɕiʌʔ5,
吮,sueng3,suəŋ3,
吵,co3,tsʰɔ3,
吶,naq6,ȵʌʔ6,
吠,huei4,xuei4,
吼,hou3,xɤu3,
呀,ya,ia,
吱,zr1,tsɿ1,
含,hang2,xã2,
吟,nieng2,ȵiəŋ2,
味,wei4,uei4,
呵,ho1,xɔ1,
呵,hei1,xei1,
咖,ka1,kʰa1,
咖,ka3,kʰa3,
呸,pei1,pʰei1,
咕,gu1,ku1,
咀,jyu3,tɕy3,
呻,sheng1,ʂəŋ1,
呷,xiaq5,ɕiʌʔ5,
咄,duaq5,tuʌʔ5,
咒,zhou4,tʂɤu4,
咆,po2,pʰɔ2,
呼,hu1,xu1,
咐,hu4,xu4,
呱,gua1,kua1,
和,huo2,xuo̞2,
和,huei2,xuei2,
和,hu3,xu3,
和,hu2,xu2,
咚,dueng1,tuəŋ1,
呢,nzr2,nzɿ2,
周,zhou1,tʂɤu1,
咋,za3,tsa3,
命,mieng4,miəŋ4,
命,mi4,mi4,
咎,jiou4,tɕiɤu4,
咬,nio3,ȵiɔ3,
哀,ngae1,ŋɛ1,
咨,zr1,tsɿ1,
哎,ae4,ɛ4,
哉,zae1,tsɛ1,
咸,xiang2,ɕiã2,
咳,kaq5,kʰʌʔ5,
哇,wa1,ua1,
哂,sheng3,ʂəŋ3,
咽,ye1,ie̞1,
咪,mi1,mi1,
品,pieng3,pʰiəŋ3,
哄,hueng3,xuəŋ3,
哈,ha1,xa1,
咯,gaq5,kʌʔ5,
咫,zr3,tsɿ3,
咱,za2,tsa2,
咻,xiou1,ɕiɤu1,
哨,so4,sɔ4,
唐,tang2,tʰã2,
唁,nie4,ȵie̞4,
哼,heng1,xəŋ1,
哥,go1,kɔ1,
哥,gie1,kie̞1,
哲,zhaq5,tʂʌʔ5,
唆,suo1,suo̞1,
哺,bu3,pu3,
哭,kuaq5,kʰuʌʔ5,
員,yue2,yẽ̞2,
唉,ae4,ɛ4,
哮,xio1,ɕiɔ1,
哪,la3,la3,
哦,ngo2,ŋɔ2,
哦,o,ɔ,
唧,jiaq5,tɕiʌʔ5,
商,shang1,ʂã1,
啪,pia1,pʰia1,
啦,la,la,
啄,zuaq5,tsuʌʔ5,
啞,ya3,ia3,
啞,nga3,ŋa3,
啡,pae3,pʰɛ3,
啡,huei1,xuei1,
啃,kueng3,kʰuəŋ3,
啊,a,a,
唱,chang4,tʂʰã4,
啖,dang4,tã4,
問,weng4,uəŋ4,
啕,to2,tʰɔ2,
唯,wei2,uei2,
啤,pi2,pʰi2,
唸,nie4,ȵie̞4,
售,shou4,ʂɤu4,
啜,zuei4,tsuei4,
唬,hu3,xu3,
啣,xiang2,ɕiã2,
啣,hang2,xã2,
唳,li4,li4,
唳,liaq6,liʌʔ6,
啻,sr4,sɿ4,
喀,kaq5,kʰʌʔ5,
喧,xyue1,ɕyẽ̞1,
啼,ti2,tʰi2,
喊,hang3,xã3,
喝,haq5,xʌʔ5,
喘,cuon3,tsʰuõ̞3,
喘,suon3,suõ̞3,
喂,wei4,uei4,
喂,yu4,y4,
喜,xi3,ɕi3,
喪,sang1,sã1,
喪,sang4,sã4,
喔,waq5,uʌʔ5,
喇,laq6,lʌʔ6,
喋,diaq6,tiʌʔ6,
喃,nzang2,nzã2,
喳,za1,tsa1,
單,dang1,tã1,
喟,kuei4,kʰuei4,
唾,tuo4,tʰuo̞4,
唾,tuei4,tʰuei4,
喲,yo,iɔ,
喚,huon4,xuõ̞4,
喻,yu4,y4,
喬,qio2,tɕʰiɔ2,
喱,li2,li2,
啾,jiou1,tɕiɤu1,
喉,hou2,xɤu2,
喉,guaq6,kuʌʔ6,
嗟,jie1,tɕie̞1,
嗨,hae1,xɛ1,
嗓,sang3,sã3,
嗜,sr4,sɿ4,
嗇,saq5,sʌʔ5,
嗑,kaq5,kʰʌʔ5,
嗣,sr4,sɿ4,
嗤,cr1,tsʰɿ1,
嗯,eng4,əŋ4,
嗚,wu1,u1,
嗡,weng1,uəŋ1,
嗅,xiou4,ɕiɤu4,
嗆,qiang4,tɕʰiã4,
嗆,qyuo4,tɕʰyo̞4,
嗥,ho2,xɔ2,
嗾,sou3,sɤu3,
嘀,diaq5,tiʌʔ5,
嘗,chang2,tʂʰã2,
嘗,suo2,suo̞2,
嗽,sou4,sɤu4,
嘔,ngou3,ŋɤu3,
嘆,tang1,tʰã1,
嘉,jia1,tɕia1,
嘍,lou2,lɤu2,
嘎,ga1,ka1,
嗷,ngo2,ŋɔ2,
嘖,zaq5,tsʌʔ5,
嘟,du1,tu1,
嘈,co2,tsʰɔ2,
嘮,lo2,lɔ2,
嘻,xi1,ɕi1,
嘹,lio2,liɔ2,
嘲,co2,tsʰɔ2,
嘿,hei1,xei1,
嘩,hua1,xua1,
噓,xyu1,ɕy1,
噎,yaq5,iʌʔ5,
噗,pu1,pʰu1,
噴,peng1,pʰəŋ1,
嘶,si1,si1,
嘯,xio4,ɕiɔ4,
嘰,ji1,tɕi1,
噙,qieng2,tɕʰiəŋ2,
噫,yi1,i1,
噹,dang1,tã1,
噩,ngaq5,ŋʌʔ5,
噤,jieng4,tɕiəŋ4,
噸,dueng3,tuəŋ3,
嘴,zuei3,tsuei3,
噪,zo4,tsɔ4,
器,qi4,tɕʰi4,
噱,jyuaq6,tɕyʌʔ6,
噯,ae4,ɛ4,
噬,shr4,ʂʅ4,
噢,o,ɔ,
嚎,ho2,xɔ2,
嚀,nieng2,ȵiəŋ2,
嚐,chang2,tʂʰã2,
嚐,suo2,suo̞2,
嚅,zsw2,zʮ2,
嚇,xia4,ɕia4,
嚇,ha4,xa4,
嚏,ti4,tʰi4,
嚮,xiang4,ɕiã4,
嚥,ye4,ie̞4,
嚨,lueng2,luəŋ2,
嚷,rang3,ɻã3,
嚶,yeng1,iəŋ1,
嚴,nie2,ȵie̞2,
嚼,jyuaq6,tɕyʌʔ6,
囁,raq6,ɻʌʔ6,存疑
囀,zuon4,tsuõ̞4,
囂,xio1,ɕiɔ1,
囈,ni4,ȵi4,
囊,nang2,ȵã2,
囉,luo2,luo̞2,
囌,sou1,sɤu1,
囑,zuaq5,tsuʌʔ5,
四,sr4,sɿ4,
囚,qiou2,tɕʰiɤu2,
因,yeng1,iəŋ1,
回,huae2,xuɛ2,
囪,cueng1,tsʰuəŋ1,
困,kueng4,kʰuəŋ4,
囤,dueng2,tuəŋ2,
固,gu4,ku4,
圃,bu3,pu3,
圈,jyue4,tɕyẽ̞4,
圈,qyue3,tɕʰyẽ̞3,
圈,qyue1,tɕʰyẽ̞1,
國,guaq5,kuʌʔ5,
圍,wei2,uei2,
圍,yu2,y2,
園,yue2,yẽ̞2,
圓,yue2,yẽ̞2,
團,tuon2,tʰuõ̞2,
圖,tu2,tʰu2,
土,tu3,tʰu3,
圳,zheng4,tʂəŋ4,
地,di4,ti4,
在,zae4,tsɛ4,
圭,guei1,kuei1,
圬,wu1,u1,
圯,yi2,i2,
坊,huon2,xuõ̞2,
坑,keng1,kʰəŋ1,
址,zr3,tsɿ3,
坍,tang1,tʰã1,
均,jyueng1,tɕyəŋ1,
坎,kang3,kʰã3,
圾,saq5,sʌʔ5,
圾,jiaq5,tɕiʌʔ5,
坐,zuo4,tsuo̞4,
坐,jyue4,tɕyẽ̞4,
坏,pae1,pʰɛ1,
垃,laq5,lʌʔ5,
垃,la1,la1,
坷,ko3,kʰɔ3,
坪,pieng2,pʰiəŋ2,
坩,gang1,kã1,
坡,po1,pʰɔ1,
坡,pei1,pʰei1,
坦,tang3,tʰã3,
坤,kueng1,kʰuəŋ1,
坼,caq5,tsʰʌʔ5,
垂,cuei2,tsʰuei2,
型,xieng2,ɕiəŋ2,
垠,nieng2,ȵiəŋ2,
垣,yue2,yẽ̞2,
垢,gou3,kɤu3,
城,cheng2,tʂʰəŋ2,
城,shr2,ʂʅ2,
垮,kua3,kʰua3,
埂,geng1,kəŋ1,
埂,jia1,tɕia1,
埔,pu3,pʰu3,
埋,mae2,mɛ2,
埃,ngae1,ŋɛ1,
域,yuaq6,yʌʔ6,
堅,jie1,tɕie̞1,
堊,ngaq5,ŋʌʔ5,
堆,duae1,tuɛ1,
埠,bu4,pu4,
埤,pi2,pʰi2,
基,ji1,tɕi1,
堂,tang2,tʰã2,
堂,duo2,tuo̞2,
堵,du3,tu3,
執,zhaq5,tʂʌʔ5,
培,pae2,pʰɛ2,
培,bae2,pɛ2,
堯,nio2,ȵiɔ2,
堪,kang1,kʰã1,
場,chang2,tʂʰã2,
場,zuo2,tsuo̞2,
堤,di1,ti1,
堰,ye4,ie̞4,
報,bo4,pɔ4,
堡,bo3,pɔ3,
堡,bu3,pu3,
塞,sae4,sɛ4,
塑,sou4,sɤu4,
塑,suaq5,suʌʔ5,
塘,tang2,tʰã2,
塗,tu2,tʰu2,
塚,zueng3,tsuəŋ3,
塔,taq5,tʰʌʔ5,
填,tie2,tʰie̞2,
填,die1,tie̞1,
塌,taq5,tʰʌʔ5,
塊,kuae4,kʰuɛ4,
塊,kuae3,kʰuɛ3,
塢,wu1,u1,
塵,cheng2,tʂʰəŋ2,
塾,suaq6,suʌʔ6,
境,jieng3,tɕiəŋ3,
墓,mu4,mu4,
墊,die4,tie̞4,
塹,qie4,tɕʰie̞4,
墅,sw4,sʮ4,
墀,chr2,tʂʰʅ2,
墟,xyu1,ɕy1,
增,zeng1,tsəŋ1,
墳,hueng2,xuəŋ2,
墜,zuei4,tsuei4,
墮,duo4,tuo̞4,白讀存疑
墮,duei1,tuei1,
壁,biaq5,piʌʔ5,
墾,keng3,kʰəŋ3,
壇,tang2,tʰã2,
壅,yueng1,yəŋ1,
壕,ho2,xɔ2,
壓,ngaq5,ŋʌʔ5,
壑,haq5,xʌʔ5,
壙,kuon4,kʰuõ̞4,
壘,luei3,luei3,
壞,huae4,xuɛ4,
壟,lueng3,luəŋ3,
壤,rang3,ɻã3,
壩,ba4,pa4,
士,zr4,tsɿ4,
士,sr4,sɿ4,
壬,reng2,ɻəŋ2,
壯,zuon4,tsuõ̞4,
壹,yaq5,iʌʔ5,
壺,hu2,xu2,
壽,shou4,ʂɤu4,
夏,xia4,ɕia4,
夏,ha4,xa4,
夔,kuei2,kʰuei2,
夕,xiaq6,ɕiʌʔ6,
夕,sei1,sei1,
外,wae4,uɛ4,
夙,xyuaq5,ɕyʌʔ5,
多,duo1,tuo̞1,
多,dei1,tei1,
夜,ye4,ie̞4,
够,gou4,kɤu4,
夥,huo3,xuo̞3,
夥,huei3,xuei3,
夢,meng2,məŋ2,
夤,yeng2,iəŋ2,
大,dae4,tɛ4,
大,dei4,tei4,
大,da4,ta4,
天,tie1,tʰie̞1,
夫,hu1,xu1,
太,tae4,tʰɛ4,
夭,yo1,iɔ1,
央,yang1,iã1,
央,yuo1,yo̞1,
失,shaq5,ʂʌʔ5,
夷,yi2,i2,
夸,kua1,kʰua1,
夾,jiaq5,tɕiʌʔ5,
奉,hueng4,xuəŋ4,
奇,qi2,tɕʰi2,
奈,nae4,ȵɛ4,
奄,ye3,ie̞3,
奔,beng1,pəŋ1,
奕,yaq6,iʌʔ6,
契,qi4,tɕʰi4,
契,qiaq5,tɕʰiʌʔ5,
奏,zou4,tsɤu4,
奎,kuei2,kʰuei2,
奐,huon4,xuõ̞4,
套,to3,tʰɔ3,
奘,zang4,tsã4,
奚,xi2,ɕi2,
奢,she1,ʂʅɘ1,
奠,die4,tie̞4,
奧,ngo4,ŋɔ4,
奪,duaq6,tuʌʔ6,
奩,lie2,lie̞2,
奮,hueng4,xuəŋ4,
女,nzw3,nzʮ3,
奴,nou2,ȵɤu2,
奶,nae3,ȵɛ3,
妄,won4,uõ̞4,
奸,jiang1,tɕiã1,
妃,huei1,xuei1,
好,ho3,xɔ3,
好,ho4,xɔ4,
她,tuo1,tʰuo̞1,
她,ta1,tʰa1,
如,zsw2,zʮ2,
妁,zuaq5,tsuʌʔ5,
妝,zuon1,tsuõ̞1,
妒,du4,tu4,
妨,huon1,xuõ̞1,
妞,niou1,ȵiɤu1,
妣,bi3,pi3,
妙,mio4,miɔ4,
妖,yo1,iɔ1,
妍,nie2,ȵie̞2,
妤,yu2,y2,
妓,ji1,tɕi1,
妊,reng4,ɻəŋ4,
妥,tuo3,tʰuo̞3,
妾,qiaq5,tɕʰiʌʔ5,
妻,cei1,tsʰei1,
委,wei3,uei3,
妹,mae4,mɛ4,
妮,ni2,ȵi2,
姑,gu1,ku1,
姆,mu4,mu4,
姐,jie3,tɕie̞3,
姍,sang1,sã1,
始,sr3,sɿ3,
姓,xieng4,ɕiəŋ4,
姊,zr3,tsɿ3,
妯,chou1,tʂʰɤu1,
妳,n3,ȵ3,
姒,sr4,sɿ4,
姜,jiang1,tɕiã1,
姘,pieng1,pʰiəŋ1,存疑
姿,zr1,tsɿ1,
姣,jio3,tɕiɔ3,
姨,yi2,i2,
娃,wa2,ua2,
姥,mu3,mu3,
姪,zhaq6,tʂʌʔ6,
姚,yo2,iɔ2,
姦,jiang1,tɕiã1,
威,wei1,uei1,
姻,yeng1,iəŋ1,
娑,suo1,suo̞1,
娑,xie1,ɕie̞1,
娘,niang2,ȵiã2,
娘,nyuo2,ȵyo̞2,
娜,nuo3,ȵuo̞3,
娟,jyue1,tɕyẽ̞1,
娛,yu2,y2,
娓,wei3,uei3,
姬,ji1,tɕi1,
娠,sheng1,ʂəŋ1,
娣,di4,ti4,
娩,won3,uõ̞3,
娥,ngo2,ŋɔ2,
娌,li3,li3,
娶,qyu3,tɕʰy3,
娶,caq5,tsʰʌʔ5,
婁,lou2,lɤu2,
婉,won3,uõ̞3,
婦,hu4,xu4,
婪,lang2,lã2,
婀,ngo1,ŋɔ1,
娼,chang1,tʂʰã1,
婢,bi4,pi4,
婚,hueng1,xuəŋ1,
婆,po2,pʰɔ2,
婆,bei1,pei1,
婊,bio3,piɔ3,
婷,tieng2,tʰiəŋ2,
媚,mi4,mi4,
婿,sei4,sei4,
媒,mae2,mɛ2,
媛,yue2,yẽ̞2,
嫁,jia4,tɕia4,
嫉,jiaq6,tɕiʌʔ6,
嫌,xie2,ɕie̞2,
媾,gou4,kɤu4,
媽,mu3,mu3,
媽,mang1,mã1,
媼,ngo3,ŋɔ3,
媳,xiaq5,ɕiʌʔ5,
嫂,so3,sɔ3,
媲,pi4,pʰi4,
嫡,diaq5,tiʌʔ5,
嫦,chang2,tʂʰã2,
嫩,neng4,ȵəŋ4,
嫗,yu4,y4,
嫖,pio2,pʰiɔ2,
嫣,ye1,ie̞1,
嬉,xi1,ɕi1,
嫻,xiang2,ɕiã2,
嬋,chang2,tʂʰã2,
嫵,wu3,u3,
嬌,jio1,tɕiɔ1,
嬝,nio3,ȵiɔ3,
嬴,yeng2,iəŋ2,
嬰,yeng1,iəŋ1,
嬪,pieng2,pʰiəŋ2,
嬸,sheng3,ʂəŋ3,
孀,suon1,suõ̞1,
子,zr3,tsɿ3,
孑,jiaq5,tɕiʌʔ5,
孓,jyuaq6,tɕyʌʔ6,
孔,kueng3,kʰuəŋ3,
孕,yeng4,iəŋ4,
字,zr4,tsɿ4,
存,cueng2,tsʰuəŋ2,
孝,xio4,ɕiɔ4,
孝,ho4,xɔ4,
孜,zr1,tsɿ1,
孚,hu1,xu1,
孟,meng4,məŋ4,
孤,gu1,ku1,
季,ji4,tɕi4,
孩,hei2,xei2,
孫,sueng1,suəŋ1,
孰,suaq6,suʌʔ6,
孳,zr1,tsɿ1,
孱,cang2,tsʰã2,
孵,hu1,xu1,
學,xyuaq6,ɕyʌʔ6,
學,xiaq5,ɕiʌʔ5,
孺,zsw2,zʮ2,
孽,niaq6,ȵiʌʔ6,
孿,luon2,luõ̞2,
它,tuo1,tʰuo̞1,
它,ta1,tʰa1,
宇,yu3,y3,
守,shou3,ʂɤu3,
宅,zaq6,tsʌʔ6,
宅,zhaq6,tʂʌʔ6,
安,ngang1,ŋã1,
完,won2,uõ̞2,
宋,sueng4,suəŋ4,
宏,hueng2,xuəŋ2,
宗,zueng1,tsuəŋ1,
定,dieng4,tiəŋ4,
官,guon1,kuõ̞1,
宜,ni2,ȵi2,
宙,zhou4,tʂɤu4,
宛,won3,uõ̞3,
宣,xyue1,ɕyẽ̞1,
宦,huon4,xuõ̞4,
室,shaq5,ʂʌʔ5,
客,kaq5,kʰʌʔ5,
客,qiaq5,tɕʰiʌʔ5,
宥,you4,iɤu4,
宰,zae3,tsɛ3,
害,hae4,xɛ4,
家,jia1,tɕia1,
宴,ye3,ie̞3,
宮,gueng1,kuəŋ1,
宵,xio1,ɕiɔ1,
容,yueng2,yəŋ2,
宸,cheng2,tʂʰəŋ2,
寇,kou4,kʰɤu4,
寅,yeng2,iəŋ2,
寄,ji4,tɕi4,
寂,jiaq6,tɕiʌʔ6,
宿,xiou4,ɕiɤu4,
宿,xyuaq5,ɕyʌʔ5,
密,miaq6,miʌʔ6,
寒,hang2,xã2,
富,hu4,xu4,
寓,yu4,y4,
寐,mi4,mi4,
寞,maq6,mʌʔ6,
寧,nieng2,ȵiəŋ2,
寡,gua3,kua3,
寥,lio2,liɔ2,
實,shaq6,ʂʌʔ6,
寨,zae4,tsɛ4,
寢,qieng3,tɕʰiəŋ3,
寤,wu4,u4,
察,caq5,tsʰʌʔ5,
寮,lio2,liɔ2,
寬,kuon1,kʰuõ̞1,
審,sheng3,ʂəŋ3,
寫,xie3,ɕie̞3,
寵,cueng3,tsʰuəŋ3,
寶,bo3,pɔ3,
寸,cueng4,tsʰuəŋ4,
寺,sr4,sɿ4,
封,hueng1,xuəŋ1,
射,she4,ʂʅɘ4,
射,shaq6,ʂʌʔ6,
尉,wei4,uei4,
專,zuon1,tsuõ̞1,
將,jiang1,tɕiã1,
將,jyuo1,tɕyo̞1,
將,jiang4,tɕiã4,
尊,zueng1,tsuəŋ1,
尋,xieng2,ɕiəŋ2,
對,duae4,tuɛ4,
導,do4,tɔ4,
小,xio3,ɕiɔ3,
少,sho3,ʂɔ3,
尖,jie1,tɕie̞1,
尚,shang4,ʂã4,
尚,suo4,suo̞4,
尤,you2,iɤu2,
尬,jie4,tɕie̞4,
就,jiou4,tɕiɤu4,
尷,jiang1,tɕiã1,
尸,sr1,sɿ1,
尺,chaq5,tʂʰʌʔ5,
尼,nzr2,nzɿ2,
局,jyuaq6,tɕyʌʔ6,
屁,pi4,pʰi4,
尿,nio4,ȵiɔ4,
尾,wei3,uei3,
尾,yi3,i3,
屈,qyuaq5,tɕʰyʌʔ5,
居,jyu1,tɕy1,
屆,jie4,tɕie̞4,
屎,sr3,sɿ3,
屏,bieng3,piəŋ3,屏氣
屏,pieng2,pʰiəŋ2,
屍,sr1,sɿ1,
屋,waq5,uʌʔ5,
屑,xiaq5,ɕiʌʔ5,
展,zhang3,tʂã3,
屐,jiaq6,tɕiʌʔ6,
屠,tu2,tʰu2,
屜,ti4,tʰi4,
屢,luei4,luei4,
層,ceng2,tsʰəŋ2,
履,li3,li3,
屬,suaq6,suʌʔ6,
屯,tueng2,tʰuəŋ2,
屯,dueng2,tuəŋ2,
山,sang1,sã1,
屹,yaq6,iʌʔ6,
岐,qi2,tɕʰi2,
岑,ceng2,tsʰəŋ2,
岔,ca4,tsʰa4,
岷,mieng2,miəŋ2,
岡,gang1,kã1,
岸,ngang4,ŋã4,
岩,niang2,ȵiã2,
岫,xiou4,ɕiɤu4,
岱,dae4,tɛ4,
岳,yuaq6,yʌʔ6,
峙,zhr4,tʂʅ4,
峭,qio4,tɕʰiɔ4,
峽,xiaq6,ɕiʌʔ6,
峻,xyueng4,ɕyəŋ4,
峪,yuaq6,yʌʔ6,
峨,ngo2,ŋɔ2,
峰,hueng1,xuəŋ1,
島,do3,tɔ3,
崇,cueng2,tsʰuəŋ2,
崆,kueng1,kʰuəŋ1,
崎,qi2,tɕʰi2,
崛,jyuaq6,tɕyʌʔ6,
崖,nie2,ȵie̞2,
崢,zeng1,tsəŋ1,
崑,kueng1,kʰuəŋ1,
崩,beng1,pəŋ1,
崔,cuae1,tsʰuɛ1,
崙,lueng2,luəŋ2,
嵌,qiang1,tɕʰiã1,
嵐,lang2,lã2,
嵩,sueng1,suəŋ1,
嶄,zang3,tsã3,
嶇,qyu1,tɕʰy1,
嶝,deng4,təŋ4,
嶼,yu3,y3,
嶺,lieng3,liəŋ3,
嶽,yuaq6,yʌʔ6,
巍,wei2,uei2,
巔,die1,tie̞1,
巒,luon2,luõ̞2,
巖,niang2,ȵiã2,
川,cuon1,tsʰuõ̞1,
州,zhou1,tʂɤu1,
巢,co2,tsʰɔ2,
工,gueng1,kuəŋ1,
巨,jyu4,tɕy4,
巧,qio3,tɕʰiɔ3,
左,zuo3,tsuo̞3,
左,jie4,tɕie̞4,
左,jie3,tɕie̞3,
巫,wu2,u2,
差,cr1,tsʰɿ1,
差,ca4,tsʰa4,
差,ca1,tsʰa1,
己,ji3,tɕi3,
已,yi3,i3,
巳,sr4,sɿ4,
巴,ba1,pa1,
巷,xiang4,ɕiã4,
巷,huo4,xuo̞4,
巽,xyueng4,ɕyəŋ4,
巾,jieng1,tɕiəŋ1,
市,sr4,sɿ4,
布,bu4,pu4,
帆,huon2,xuõ̞2,
希,xi1,ɕi1,
帘,lie2,lie̞2,酒帘
帚,zw3,tsʮ3,
帖,tiaq5,tʰiʌʔ5,
帕,pa4,pʰa4,
帛,biaq6,piʌʔ6,
帑,tang3,tʰã3,
帝,di4,ti4,
帥,suae4,suɛ4,
席,xiaq6,ɕiʌʔ6,
師,sr1,sɿ1,
常,chang2,tʂʰã2,
帶,dae4,tɛ4,
帳,zhang4,tʂã4,
帷,wei2,uei2,
幅,huaq5,xuʌʔ5,
帽,mo4,mɔ4,
幀,zheng1,tʂəŋ1,
幌,huon4,xuõ̞4,
幛,zhang4,tʂã4,
幣,bi4,pi4,
幕,maq6,mʌʔ6,
幗,guaq5,kuʌʔ5,
幔,mang4,mã4,
幢,zuon2,tsuõ̞2,
幟,zr4,tsɿ4,
幫,bang1,pã1,
幫,buo1,puo̞1,
干,gang1,kã1,
平,pieng2,pʰiəŋ2,
并,bieng1,piəŋ1,
年,nie2,ȵie̞2,
幸,xieng4,ɕiəŋ4,
幹,gang4,kã4,
幻,huon4,xuõ̞4,
幼,you4,iɤu4,
幽,you1,iɤu1,
幾,ji3,tɕi3,
幾,ji1,tɕi1,
序,xyu4,ɕy4,
庇,bi4,pi4,
床,cuon2,tsʰuõ̞2,
庚,geng1,kəŋ1,
店,die4,tie̞4,
府,hu3,xu3,
底,di3,ti3,
庖,po2,pʰɔ2,
庠,qiang2,tɕʰiã2,
度,du4,tu4,
庫,ku4,kʰu4,
庭,tieng2,tʰiəŋ2,
座,zuo4,tsuo̞4,
座,jyue4,tɕyẽ̞4,
康,kang1,kʰã1,
庸,yueng1,yəŋ1,
庶,sw4,sʮ4,
庵,ngang1,ŋã1,
庾,yu3,y3,
廊,lang2,lã2,
廁,caq5,tsʰʌʔ5,
廂,xiang1,ɕiã1,
廂,xyuo1,ɕyo̞1,
廉,lie2,lie̞2,
廈,xia4,ɕia4,
廈,ha4,xa4,
廓,guaq5,kuʌʔ5,
廖,lio2,liɔ2,
廢,xi4,ɕi4,
廢,huei4,xuei4,
廚,cw2,tsʰʮ2,
廚,zw2,tsʮ2,
廟,mio4,miɔ4,
廝,saq5,sʌʔ5,
廣,guon3,kuõ̞3,
廠,chang3,tʂʰã3,
龐,pang2,pʰã2,
廬,lou2,lɤu2,
廳,tieng1,tʰiəŋ1,
廷,tieng2,tʰiəŋ2,
延,ye2,ie̞2,
建,jie4,tɕie̞4,
廿,raq6,ɻʌʔ6,存疑
弁,bie4,pie̞4,
弄,lueng4,luəŋ4,
弈,yaq6,iʌʔ6,
弊,bi4,pi4,
式,shaq5,ʂʌʔ5,
弒,sr4,sɿ4,
弓,gueng1,kuəŋ1,
弔,dio4,tiɔ4,
引,yeng3,iəŋ3,
弘,hueng2,xuəŋ2,
弗,huaq5,xuʌʔ5,
弛,sr3,sɿ3,
弟,di4,ti4,
弦,xie2,ɕie̞2,
弧,hu2,xu2,
弩,nou3,ȵɤu3,
弭,mi3,mi3,
弱,zsuaq6,zuʌʔ6,
張,zhang1,tʂã1,
張,zuo1,tsuo̞1,
強,qiang2,tɕʰiã2,
強,jyuo2,tɕyo̞2,
弼,biaq6,piʌʔ6,
彆,bi4,pi4,
彈,tang2,tʰã2,
彈,dang2,tã2,
彌,mi2,mi2,
彎,won1,uõ̞1,
彗,huei4,xuei4,
彙,huei4,xuei4,
彞,yi2,i2,
彤,tueng2,tʰuəŋ2,
形,xieng2,ɕiəŋ2,
彥,nie4,ȵie̞4,
彬,bieng1,piəŋ1,
彩,cae3,tsʰɛ3,
彫,dio1,tiɔ1,
彭,peng2,pʰəŋ2,
彰,zhang1,tʂã1,
影,yeng3,iəŋ3,
影,yi3,i3,
彷,pang2,pʰã2,
役,yaq6,iʌʔ6,
往,won3,uõ̞3,
往,wo3,uo̞3,
征,zheng1,tʂəŋ1,
彿,huaq5,xuʌʔ5,
彼,bi3,pi3,
很,heng3,xəŋ3,
待,dae4,tɛ4,
徊,huae2,xuɛ2,
律,luaq6,luʌʔ6,
徇,xyueng4,ɕyəŋ4,
後,hou4,xɤu4,
徒,tu2,tʰu2,
徑,jieng4,tɕiəŋ4,
徐,xyu2,ɕy2,
得,daq5,tʌʔ5,
得,diaq5,tiʌʔ5,
徙,xi3,ɕi3,
從,cueng2,tsʰuəŋ2,
徘,pae2,pʰɛ2,
御,yu4,y4,
復,huaq5,xuʌʔ5,
循,xyueng2,ɕyəŋ2,
徨,huon2,xuõ̞2,
徬,bang4,pã4,
微,wei2,uei2,
徹,chaq5,tʂʰʌʔ5,
德,daq5,tʌʔ5,
徵,zheng1,tʂəŋ1,
徵,zhi3,tʂi3,
徽,huae1,xuɛ1,
心,xieng1,ɕiəŋ1,
必,biaq5,piʌʔ5,
忙,mang2,mã2,
忙,muo2,muo̞2,
忖,cueng3,tsʰuəŋ3,
忘,won4,uõ̞4,
忘,wo4,uo̞4,
忌,ji4,tɕi4,
志,zr4,tsɿ4,
忍,reng3,ɻəŋ3,
忱,cheng2,tʂʰəŋ2,
快,kuae4,kʰuɛ4,
忝,tie3,tʰie̞3,
忠,zueng1,tsuəŋ1,
忽,huaq5,xuʌʔ5,
念,nie4,ȵie̞4,
忿,hueng3,xuəŋ3,
怏,yang3,iã3,
怔,zheng1,tʂəŋ1,
怯,qiaq5,tɕʰiʌʔ5,
怵,cuaq5,tsʰuʌʔ5,
怖,pu4,pʰu4,
怪,guae4,kuɛ4,
怕,pa4,pʰa4,
怡,yi2,i2,
性,xieng4,ɕiəŋ4,
性,sei4,sei4,
怒,nou4,ȵɤu4,
思,sr1,sɿ1,
怠,dae4,tɛ4,
急,jiaq5,tɕiʌʔ5,
怎,zaq6,tsʌʔ6,
怨,yue1,yẽ̞1,
恍,guon1,kuõ̞1,
恰,qiaq5,tɕʰiʌʔ5,
恨,heng4,xəŋ4,
恢,huae1,xuɛ1,
恆,heng2,xəŋ2,
恃,sr4,sɿ4,
恬,tie2,tʰie̞2,
恫,dueng4,tuəŋ4,
恪,kaq5,kʰʌʔ5,
恤,xyuaq5,ɕyʌʔ5,
恙,yang4,iã4,
恣,zr4,tsɿ4,
恥,chr3,tʂʰʅ3,
恐,kueng3,kʰuəŋ3,
恕,sw4,sʮ4,
恭,gueng1,kuəŋ1,
恩,ngeng1,ŋəŋ1,
息,xiaq5,ɕiʌʔ5,
悄,qio3,tɕʰiɔ3,
悄,qio1,tɕʰiɔ1,
悟,wu4,u4,
悚,sueng3,suəŋ3,
悍,hang4,xã4,
悔,huae3,xuɛ3,
悌,di4,ti4,
悅,yuaq6,yʌʔ6,
悖,bae4,pɛ4,
恿,yueng3,yəŋ3,
患,huon4,xuõ̞4,
悉,xiaq5,ɕiʌʔ5,
悠,you2,iɤu2,
惋,won3,uõ̞3,
悴,cuei4,tsʰuei4,
惦,die4,tie̞4,
悽,cei1,tsʰei1,
情,qieng2,tɕʰiəŋ2,
悻,xieng4,ɕiəŋ4,
悵,chang4,tʂʰã4,
惜,xiaq5,ɕiʌʔ5,
悼,do4,tɔ4,
惘,won3,uõ̞3,
惕,tiaq5,tʰiʌʔ5,
惆,chou1,tʂʰɤu1,
惟,wei2,uei2,
悸,ji4,tɕi4,
惚,huaq5,xuʌʔ5,
惑,huaq6,xuʌʔ6,
惡,wu1,u1,
惡,ngaq5,ŋʌʔ5,
悲,bei1,pei1,
悶,meng4,məŋ4,
惠,huae4,xuɛ4,
愜,qiaq5,tɕʰiʌʔ5,
愣,leng4,ləŋ4,
惺,xieng1,ɕiəŋ1,
愕,ngaq6,ŋʌʔ6,
惰,duo4,tuo̞4,
惻,caq5,tsʰʌʔ5,
惴,zuei4,tsuei4,
慨,kae3,kʰɛ3,
惱,no3,ȵɔ3,
愎,biaq6,piʌʔ6,
惶,huon2,xuõ̞2,
愉,yu2,y2,
愀,qio3,tɕʰiɔ3,
愚,yu2,y2,
意,yi4,i4,
慈,cr2,tsʰɿ2,
感,gang3,kã3,
想,xiang3,ɕiã3,
想,xyuo3,ɕyo̞3,
愛,ngae4,ŋɛ4,
惹,re3,ɻʅɘ3,
愁,cou2,tsʰɤu2,
愁,sou2,sɤu2,
愈,yu3,y3,
慎,sheng4,ʂəŋ4,
慌,huon3,xuõ̞3,
慄,liaq6,liʌʔ6,
慍,yueng4,yəŋ4,
愾,kae4,kʰɛ4,
愴,cuon3,tsʰuõ̞3,
愧,kuei4,kʰuei4,
慇,yeng1,iəŋ1,
愿,yue4,yẽ̞4,
態,tae4,tʰɛ4,
慷,kang3,kʰã3,
慢,mang4,mã4,
慣,guon4,kuõ̞4,
慟,dueng4,tuəŋ4,
慚,cang2,tsʰã2,
慘,cang3,tsʰã3,
慶,qieng4,tɕʰiəŋ4,
慧,huae4,xuɛ4,
慮,luei4,luei4,
慝,taq5,tʰʌʔ5,
慕,mu4,mu4,
憂,you1,iɤu1,
慼,qiaq5,tɕʰiʌʔ5,
慰,wei4,uei4,
慫,sueng3,suəŋ3,
慾,yuaq6,yʌʔ6,
憧,cueng1,tsʰuəŋ1,
憐,lie2,lie̞2,
憫,mieng3,miəŋ3,
憎,zeng1,tsəŋ1,
憬,jieng3,tɕiəŋ3,
憚,dang4,tã4,
憤,hueng4,xuəŋ4,
憔,qio2,tɕʰiɔ2,
憲,xie4,ɕie̞4,
憑,pieng2,pʰiəŋ2,
憩,qi4,tɕʰi4,
憊,bae4,pɛ4,
懍,lieng3,liəŋ3,
憶,yi4,i4,
憾,hang4,xã4,
懂,dueng3,tuəŋ3,
懊,ngo3,ŋɔ3,
懈,xie4,ɕie̞4,
應,yeng4,iəŋ4,
應,yi4,i4,
懇,keng3,kʰəŋ3,
懦,zsw2,zʮ2,
懣,meng3,məŋ3,
懲,cheng3,tʂʰəŋ3,
懷,huae2,xuɛ2,
懶,lang3,lã3,
懵,meng3,məŋ3,
懸,xyue2,ɕyẽ̞2,
懺,cang4,tsʰã4,
懼,jyu4,tɕy4,
懾,zhaq5,tʂʌʔ5,
懿,yi4,i4,
戀,lyue4,lyẽ̞4,
戈,guo1,kuo̞1,
戈,guei1,kuei1,
戊,wu4,u4,
戎,zsueng2,zuəŋ2,
戌,xyuaq5,ɕyʌʔ5,
戍,sw4,sʮ4,
成,cheng2,tʂʰəŋ2,
成,shr2,ʂʅ2,
戒,jie4,tɕie̞4,
我,ngo3,ŋɔ3,
我,ngie3,ŋie̞3,
或,huaq6,xuʌʔ6,
戕,qiang2,tɕʰiã2,
戚,qiaq5,tɕʰiʌʔ5,
戛,ga1,ka1,
戟,jiaq5,tɕiʌʔ5,
戡,kang1,kʰã1,
戢,zaq5,tsʌʔ5,
截,jiaq6,tɕiʌʔ6,
戮,luaq6,luʌʔ6,
戰,zhang4,tʂã4,
戲,xi1,ɕi1,
戴,dae4,tɛ4,
戳,cuaq5,tsʰuʌʔ5,
戶,hu4,xu4,
房,huon2,xuõ̞2,
房,huo2,xuo̞2,
戾,li4,li4,
戾,liaq6,liʌʔ6,
所,suo3,suo̞3,
扁,bang3,pã3,
扁,bie3,pie̞3,
扇,shang1,ʂã1,
扈,hu4,xu4,
扉,huei1,xuei1,
手,shou3,ʂɤu3,
才,cae2,tsʰɛ2,
才,zae2,tsɛ2,
扎,zaq5,tsʌʔ5,
打,da3,ta3,
扔,reng2,ɻəŋ2,
扔,er3,ər3,
扒,baq5,pʌʔ5,
扣,kou3,kʰɤu3,
扛,kang2,kʰã2,
托,taq5,tʰʌʔ5,
抄,co1,tsʰɔ1,
抗,kang4,kʰã4,
抖,dou3,tɤu3,
技,ji4,tɕi4,
扶,hu2,xu2,
抉,jyuaq5,tɕyʌʔ5,
扭,nrou3,ɳɤu3,
把,ba3,pa3,
扼,ngaq5,ŋʌʔ5,
找,zo3,tsɔ3,
找,zho3,tʂɔ3,
批,pi1,pʰi1,
扳,bang1,pã1,
抒,sw1,sʮ1,
扯,che3,tʂʰʅɘ3,
折,shaq6,ʂʌʔ6,
扮,bang4,pã4,
扮,hae3,xɛ3,
投,tou2,tʰɤu2,
抓,zo1,tsɔ1,
抑,yaq5,iʌʔ5,
承,cheng2,tʂʰəŋ2,shr2承不住存疑
承,shr2,ʂʅ2,
拉,la1,la1,
拌,pang1,pʰã1,
拄,zw3,tsʮ3,
抿,mieng3,miəŋ3,
拂,huaq5,xuʌʔ5,
抹,maq6,mʌʔ6,
抹,mei3,mei3,
拒,jyu4,tɕy4,
招,zho1,tʂɔ1,
披,pi1,pʰi1,
拓,taq5,tʰʌʔ5,
拔,maq6,mʌʔ6,
拔,baq6,pʌʔ6,
拋,po1,pʰɔ1,
拈,nie2,ȵie̞2,
抨,peng1,pʰəŋ1,
抽,chou1,tʂʰɤu1,
押,ngaq5,ŋʌʔ5,
拐,guae3,kuɛ3,
拙,zuaq5,tsuʌʔ5,
拇,mu3,mu3,
拍,piaq5,pʰiʌʔ5,
抵,di3,ti3,
拚,hueng4,xuəŋ4,
抱,bo4,pɔ4,
抱,bu4,pu4,
拘,jyu1,tɕy1,
拖,tuo4,tʰuo̞4,
拖,tei1,tʰei1,
拗,ngo3,ŋɔ3,
拆,chaq5,tʂʰʌʔ5,
抬,tae2,tʰɛ2,
抬,dae2,tɛ2,
拎,lieng2,liəŋ2,
拎,li2,li2,
拜,bae4,pɛ4,
挖,wa1,ua1,
按,ngang4,ŋã4,
拼,pieng1,pʰiəŋ1,
拭,shaq5,ʂʌʔ5,
持,chr2,tʂʰʅ2,
拮,jiaq5,tɕiʌʔ5,
拽,zuae4,tsuɛ4,
指,zr3,tsɿ3,
拱,gueng3,kuəŋ3,
拷,ko3,kʰɔ3,
拯,zheng3,tʂəŋ3,
括,guaq5,kuʌʔ5,
拾,shaq6,ʂʌʔ6,
拴,suon1,suõ̞1,
挑,tio1,tʰiɔ1,
挑,tio3,tʰiɔ3,
拳,qyue2,tɕʰyẽ̞2,
挈,qiaq5,tɕʰiʌʔ5,
拿,nza2,nza2,
捎,so1,sɔ1,
挾,xiaq6,ɕiʌʔ6,
振,zheng4,tʂəŋ4,
捕,bu3,pu3,
捂,wu3,u3,
捆,kueng3,kʰuəŋ3,
捏,niaq6,ȵiʌʔ6,
捉,zuaq5,tsuʌʔ5,
挺,tieng2,tʰiəŋ2,
捐,jyue1,tɕyẽ̞1,
挽,won3,uõ̞3,
挪,nuo2,ȵuo̞2,
挪,nei2,ȵei2,
挫,cuo4,tsʰuo̞4,
挨,ngae1,ŋɛ1,
掠,lyuaq6,lyʌʔ6,
控,kueng4,kʰuəŋ4,
捲,jyue3,tɕyẽ̞3,
掖,yaq6,iʌʔ6,
探,tang4,tʰã4,
接,jiaq5,tɕiʌʔ5,
捷,jiaq6,tɕiʌʔ6,
捧,peng3,pʰəŋ3,
掘,jyuaq6,tɕyʌʔ6,
措,cuo4,tsʰuo̞4,
捱,nae2,ȵɛ2,
掩,ye3,ie̞3,
掉,dio4,tiɔ4,轉，掉轉
掃,so3,sɔ3,
掛,gua4,kua4,
捫,meng2,məŋ2,
推,tuae1,tʰuɛ1,
掄,lueng2,luəŋ2,存疑，leng1本字？
授,shou4,ʂɤu4,
掙,zeng4,tsəŋ4,
採,cae3,tsʰɛ3,
掬,jyuaq5,tɕyʌʔ5,
排,pae2,pʰɛ2,
掏,to2,tʰɔ2,
掀,xie1,ɕie̞1,
捻,nie3,ȵie̞3,
捩,liaq6,liʌʔ6,
捨,she3,ʂʅɘ3,
掣,chi4,tʂʰi4,
掌,zhang3,tʂã3,
掌,zuo3,tsuo̞3,
描,mio2,miɔ2,
揀,jiang3,tɕiã3,
揩,qie1,tɕʰie̞1,
揉,rou2,ɻɤu2,
插,caq5,tsʰʌʔ5,
揣,cuae3,tsʰuɛ3,
揣,suae3,suɛ3,
提,ti2,tʰi2,
提,di2,ti2,
握,yuaq5,yʌʔ5,
揖,yaq5,iʌʔ5,
揭,jiaq5,tɕiʌʔ5,
揮,huae1,xuɛ1,
捶,cuei3,tsʰuei3,
援,yue2,yẽ̞2,
揪,jiou1,tɕiɤu1,
換,huon4,xuõ̞4,
摒,bieng4,piəŋ4,
揚,yang2,iã2,
揚,yuo2,yo̞2,
搓,cuo1,tsʰuo̞1,
搓,qie1,tɕʰie̞1,
搾,za4,tsa4,
搞,go3,kɔ3,
搪,tang2,tʰã2,
搭,daq5,tʌʔ5,
搽,ca2,tsʰa2,
搬,bang1,pã1,
搏,baq5,pʌʔ5,
搜,sou1,sɤu1,
搔,so1,sɔ1,
損,sueng3,suəŋ3,
搶,qiang1,tɕʰiã1,
搶,qyuo3,tɕʰyo̞3,
搖,yo2,iɔ2,
搗,do3,tɔ3,
撇,piaq5,pʰiʌʔ5,
摘,zaq5,tsʌʔ5,
摘,zhaq5,tʂʌʔ5,
摔,suaq5,suʌʔ5,
摔,suae1,suɛ1,
撤,chaq5,tʂʰʌʔ5,
摸,maq5,mʌʔ5,
摟,lou3,lɤu3,
摺,zhaq5,tʂʌʔ5,
摑,guaq5,kuʌʔ5,
摧,cuae1,tsʰuɛ1,
摩,mo2,mɔ2,
摩,mei2,mei2,
摯,zr4,tsɿ4,
摹,mu2,mu2,
撞,zuon2,tsuõ̞2,
撲,paq5,pʰʌʔ5,
撈,lo2,lɔ2,
撐,ceng1,tsʰəŋ1,
撐,cha3,tʂʰa3,
撰,zuon4,tsuõ̞4,
撥,baq5,pʌʔ5,
撓,nzo2,nzɔ2,
撕,sr1,sɿ1,
撩,lio2,liɔ2,
撒,saq5,sʌʔ5,
撮,cuaq5,tsʰuʌʔ5,
播,bo4,pɔ4,
撫,hu3,xu3,
撚,nie3,ȵie̞3,
撬,qio4,tɕʰiɔ4,
擅,shang4,ʂã4,
擁,yueng3,yəŋ3,
擋,duo3,tuo̞3,
擋,dang3,tã3,
撻,taq5,tʰʌʔ5,
撼,hang4,xã4,
據,jyu4,tɕy4,
擄,lou3,lɤu3,
擇,zaq6,tsʌʔ6,
擇,zhaq6,tʂʌʔ6,
擂,luae4,luɛ4,
操,co1,tsʰɔ1,
操,co4,tsʰɔ4,
撿,jie3,tɕie̞3,
擒,qieng2,tɕʰiəŋ2,
擔,dang1,tã1,
擎,qieng2,tɕʰiəŋ2,
擊,jiaq5,tɕiʌʔ5,
擘,biaq5,piʌʔ5,掰
擠,zei3,tsei3,
擰,nzeng2,nzəŋ2,存疑
擦,caq5,tsʰʌʔ5,
擬,ni3,ȵi3,
擱,gaq5,kʌʔ5,
擴,kuaq5,kʰuʌʔ5,
擲,zhaq6,tʂʌʔ6,
擾,ro3,ɻɔ3,
攆,nie3,ȵie̞3,
擺,bae3,pɛ3,
擻,sou3,sɤu3,
攀,pang1,pʰã1,
攏,lueng3,luəŋ3,
攘,rang2,ɻã2,
攔,lang2,lã2,
攙,cang2,tsʰã2,
攝,shaq5,ʂʌʔ5,
攜,xi2,ɕi2,
攤,tang1,tʰã1,
攣,lyue2,lyẽ̞2,存疑，不知土話說法
攫,jyuaq5,tɕyʌʔ5,
攪,jio3,tɕiɔ3,
攬,lang3,lã3,
支,zr1,tsɿ1,
收,shou1,ʂɤu1,
改,gae3,kɛ3,
攻,gueng1,kuəŋ1,
放,huon4,xuõ̞4,
放,huo4,xuo̞4,
政,zheng4,tʂəŋ4,
政,zhi4,tʂi4,
故,gu4,ku4,
效,xio4,ɕiɔ4,
敝,bi4,pi4,
敖,ngo2,ŋɔ2,
救,jiou4,tɕiɤu4,
教,jio1,tɕiɔ1,
教,jio4,tɕiɔ4,
敗,bae4,pɛ4,
啟,qi3,tɕʰi3,
敏,mieng3,miəŋ3,
敘,xyu4,ɕy4,
敞,chang3,tʂʰã3,
敦,dueng1,tuəŋ1,
敢,gang3,kã3,
散,sang3,sã3,
散,sang4,sã4,
敬,jieng4,tɕiəŋ4,
敲,qio1,tɕʰiɔ1,
敵,diaq6,tiʌʔ6,
敷,hu1,xu1,
數,sw3,sʮ3,
整,zheng3,tʂəŋ3,
整,zhr3,tʂʅ3,
斂,lie3,lie̞3,
斃,bi4,pi4,
文,weng2,uəŋ2,
斑,bang1,pã1,
斐,huei3,xuei3,
斗,dou3,tɤu3,
料,lio4,liɔ4,
斜,xie2,ɕie̞2,
斟,zheng1,tʂəŋ1,
斡,waq5,uʌʔ5,
斤,jieng1,tɕiəŋ1,
斥,chaq5,tʂʰʌʔ5,
斧,hu3,xu3,
斫,zuaq5,tsuʌʔ5,
斬,zang3,tsã3,
斯,sr1,sɿ1,
新,xieng1,ɕiəŋ1,
斷,duon4,tuõ̞4,
方,huon1,xuõ̞1,
方,huo1,xuo̞1,
於,yu1,y1,
於,wu1,u1,
施,sr1,sɿ1,
旁,pang2,pʰã2,
旅,luei3,luei3,
族,jyuaq6,tɕyʌʔ6,
旋,xyue2,ɕyẽ̞2,
旋,xyue4,ɕyẽ̞4,
旌,jieng1,tɕiəŋ1,
旎,nzr3,nzɿ3,
旗,qi2,tɕʰi2,
旖,yi1,i1,
既,ji4,tɕi4,
日,raq6,ɻʌʔ6,
旦,dang4,tã4,
早,zo3,tsɔ3,
旨,zr3,tsɿ3,
旬,xyueng2,ɕyəŋ2,
旭,xyuaq5,ɕyʌʔ5,
旱,hang4,xã4,
旺,won4,uõ̞4,
旺,wo4,uo̞4,
昔,xiaq5,ɕiʌʔ5,
易,yi4,i4,
易,yaq6,iʌʔ6,
昌,chang1,tʂʰã1,
昆,kueng1,kʰuəŋ1,
昂,ngang2,ŋã2,
明,mieng2,miəŋ2,
明,mi2,mi2,
昀,yueng2,yəŋ2,
昏,hueng1,xuəŋ1,
春,cueng1,tsʰuəŋ1,
昭,zho1,tʂɔ1,
映,yeng4,iəŋ4,
映,yi4,i4,
昧,mae4,mɛ4,
是,sr4,sɿ4,
星,xieng1,ɕiəŋ1,
星,sei1,sei1,
昨,zaq6,tsʌʔ6,
時,cr2,tsʰɿ2,
時,sr2,sɿ2,
晉,jieng4,tɕiəŋ4,
晏,niang4,ȵiã4,
晃,huon4,xuõ̞4,
晃,huo4,xuo̞4,
晒,sae4,sɛ4,
晌,shang3,ʂã3,
晌,suo3,suo̞3,
晝,zhou4,tʂɤu4,
晚,won3,uõ̞3,
晤,wu4,u4,
晨,cheng2,tʂʰəŋ2,
晨,sheng2,ʂəŋ2,
晦,huae4,xuɛ4,
普,pu3,pʰu3,
晰,xiaq5,ɕiʌʔ5,
晴,qieng2,tɕʰiəŋ2,
晴,cei2,tsʰei2,
晶,jieng1,tɕiəŋ1,
晶,zei1,tsei1,
景,jieng3,tɕiəŋ3,
暑,sw3,sʮ3,
智,zhr4,tʂʅ4,
暗,ngang4,ŋã4,
暉,huei1,xuei1,
暇,xia2,ɕia2,
暈,yueng4,yəŋ4,
暈,yueng1,yəŋ1,
暖,nuon3,ȵuõ̞3,
暖,nzuon3,nzuõ̞3,
暢,chang4,tʂʰã4,
暨,ji4,tɕi4,
暮,mu4,mu4,
暫,zang4,tsã4,
暴,bo4,pɔ4,
曆,liaq6,liʌʔ6,
曉,xio3,ɕiɔ3,
暹,xie1,ɕie̞1,
曙,sw4,sʮ4,
曖,ngae4,ŋɛ4,
曠,kuon4,kʰuõ̞4,
曝,bo4,pɔ4,
曦,xi1,ɕi1,
曰,yuaq6,yʌʔ6,
曲,qyuaq5,tɕʰyʌʔ5,
曳,yi4,i4,
更,geng1,kəŋ1,
更,geng4,kəŋ4,
曷,haq6,xʌʔ6,
書,sw1,sʮ1,
曹,co2,tsʰɔ2,
勗,xyuaq5,ɕyʌʔ5,
曾,zeng1,tsəŋ1,
曾,ceng2,tsʰəŋ2,
替,ti4,tʰi4,
會,huae4,xuɛ4,
月,yuaq6,yʌʔ6,
有,you3,iɤu3,
服,huaq6,xuʌʔ6,
朋,peng2,pʰəŋ2,
朔,suaq5,suʌʔ5,
朕,zheng4,tʂəŋ4,
朗,lang3,lã3,
望,won4,uõ̞4,
望,wo4,uo̞4,
期,qi2,tɕʰi2,
朝,zho1,tʂɔ1,
朦,meng2,məŋ2,
朧,lueng2,luəŋ2,
木,maq6,mʌʔ6,
朮,zuaq6,tsuʌʔ6,
本,beng3,pəŋ3,
未,wei4,uei4,
末,maq6,mʌʔ6,
札,zaq5,tsʌʔ5,
朽,xiou3,ɕiɤu3,
朴,paq5,pʰʌʔ5,
朱,zw1,tsʮ1,
朵,duo3,tuo̞3,
朵,duei3,tuei3,
束,suaq5,suʌʔ5,
李,li3,li3,
杏,xie4,ɕie̞4,
杏,xieng4,ɕiəŋ4,
材,cae2,tsʰɛ2,
村,cueng1,tsʰuəŋ1,
杜,du4,tu4,
杖,zhang4,tʂã4,
杞,qi3,tɕʰi3,
杉,sang1,sã1,
杭,hang2,xã2,
枋,huon1,xuõ̞1,
枕,zheng4,tʂəŋ4,
東,dueng1,tuəŋ1,
果,guo3,kuo̞3,
果,guei3,kuei3,
杳,yo3,iɔ3,
杷,pa2,pʰa2,
枇,pi2,pʰi2,
枝,zr1,tsɿ1,
林,lieng2,liəŋ2,
杯,bae1,pɛ1,
杰,jiaq6,tɕiʌʔ6,
板,bang3,pã3,
枉,won3,uõ̞3,平素冤枉用輕聲
松,sueng1,suəŋ1,
析,xiaq5,ɕiʌʔ5,
杵,cw3,tsʰʮ3,
枚,mae2,mɛ2,
柿,zr4,tsɿ4,
柿,sr4,sɿ4,
染,rang3,ɻã3,
柱,zw4,tsʮ4,
柔,rou2,ɻɤu2,
某,mu3,mu3,
柬,jiang3,tɕiã3,
架,jia4,tɕia4,
枯,ku1,kʰu1,
柵,sang4,sã4,
柩,jiou4,tɕiɤu4,
柯,ko3,kʰɔ3,
柄,bieng3,piəŋ3,
柑,gang1,kã1,
枴,guae3,kuɛ3,
柚,you4,iɤu4,
查,ca2,tsʰa2,
枸,gou3,kɤu3,
柏,biaq5,piʌʔ5,
柞,zaq5,tsʌʔ5,
柳,liou3,liɤu3,
校,xio4,ɕiɔ4,
校,jio4,tɕiɔ4,
核,haq6,xʌʔ6,
核,kuaq6,kʰuʌʔ6,
案,ngang4,ŋã4,
框,kuon1,kʰuõ̞1,
桓,huon2,xuõ̞2,
根,geng1,kəŋ1,
桂,guei4,kuei4,
桔,jiaq5,tɕiʌʔ5,
栩,yu3,y3,
梳,sw1,sʮ1,
栗,liaq6,liʌʔ6,
桌,zuaq5,tsuʌʔ5,
桑,sang1,sã1,
桑,xyuo1,ɕyo̞1,
栽,zae1,tsɛ1,
柴,cae2,tsʰɛ2,
柴,sae2,sɛ2,
桐,tueng2,tʰuəŋ2,
桀,jiaq6,tɕiʌʔ6,
格,gaq5,kʌʔ5,
桃,to2,tʰɔ2,
桃,do2,tɔ2,
株,zw1,tsʮ1,
桅,wei2,uei2,
栓,suon1,suõ̞1,
梁,liang2,liã2,
梁,luo2,luo̞2,
梯,ti1,tʰi1,
梢,so1,sɔ1,
梓,zr3,tsɿ3,
梵,huon4,xuõ̞4,
桿,gang1,kã1,
桶,tueng3,tʰuəŋ3,
梧,wu2,u2,
梗,geng3,kəŋ3,
械,jie4,tɕie̞4,
棄,qi4,tɕʰi4,
梭,suo1,suo̞1,
梭,xyue1,ɕyẽ̞1,
梆,bang1,pã1,
梅,mae2,mɛ2,
梔,zr1,tsɿ1,
條,tio2,tʰiɔ2,
條,dio2,tiɔ2,
梨,li2,li2,
梟,xio1,ɕiɔ1,
棺,guon1,kuõ̞1,
棕,zueng1,tsuəŋ1,
棠,tang2,tʰã2,
棘,jiaq5,tɕiʌʔ5,
棗,zo3,tsɔ3,
椅,yi1,i1,
棟,dueng4,tuəŋ4,
棵,kuei1,kʰuei1,
棵,kuo1,kʰuo̞1,
森,seng1,səŋ1,
棧,zang4,tsã4,
棹,zo4,tsɔ4,
棒,bang4,pã4,
棒,buo4,puo̞4,
棲,sei1,sei1,
棣,di4,ti4,
棋,qi2,tɕʰi2,
棍,gueng4,kuəŋ4,
植,zhaq6,tʂʌʔ6,
椒,jio1,tɕiɔ1,
椎,zuei1,tsuei1,
棉,mie2,mie̞2,
棚,peng2,pʰəŋ2,
榔,lang2,lã2,
業,niaq6,ȵiʌʔ6,
楚,cw3,tsʰʮ3,
楷,kae3,kʰɛ3,
楠,nang2,ȵã2,
楔,xiaq5,ɕiʌʔ5,
極,jiaq6,tɕiʌʔ6,
椰,ye2,ie̞2,
概,gae4,kɛ4,
楊,yang2,iã2,
楊,yuo2,yo̞2,
楨,zheng1,tʂəŋ1,
楫,jiaq5,tɕiʌʔ5,
楞,leng2,ləŋ2,
楓,hueng1,xuəŋ1,
楹,yeng2,iəŋ2,
榆,yu2,y2,
榜,bang3,pã3,
榨,za4,tsa4,
榕,yueng2,yəŋ2,
槁,go3,kɔ3,
榮,yueng2,yəŋ2,
槓,gang4,kã4,
構,gou4,kɤu4,
榛,zheng1,tʂəŋ1,
榷,qyuaq5,tɕʰyʌʔ5,
榻,taq5,tʰʌʔ5,
榫,sueng3,suəŋ3,
榴,liou2,liɤu2,
槐,huae2,xuɛ2,
槍,qiang1,tɕʰiã1,
榭,xie4,ɕie̞4,
槌,cuei2,tsʰuei2,
樣,yang4,iã4,
樣,yuo4,yo̞4,
樟,zhang1,tʂã1,
槨,guaq5,kuʌʔ5,
樁,zuon1,tsuõ̞1,
樞,sw1,sʮ1,
標,bio1,piɔ1,
槽,zo1,tsɔ1,
模,mu2,mu2,
樓,lou2,lɤu2,
樊,huon2,xuõ̞2,
槳,jiang3,tɕiã3,
樂,yuaq6,yʌʔ6,
樂,yaq6,iʌʔ6,
樂,laq6,lʌʔ6,
樅,zueng1,tsuəŋ1,
樽,zueng1,tsuəŋ1,
樸,paq5,pʰʌʔ5,
樺,hua4,xua4,
橙,cheng2,tʂʰəŋ2,
橫,heng2,xəŋ2,
橫,xyue2,ɕyẽ̞2,
橘,jyuaq5,tɕyʌʔ5,
樹,sw4,sʮ4,
橄,gang3,kã3,
橢,tuo3,tʰuo̞3,存疑：轉圈之tuei
橡,xiang4,ɕiã4,
橋,qio2,tɕʰiɔ2,
橇,qio1,tɕʰiɔ1,
樵,qio2,tɕʰiɔ2,
機,ji1,tɕi1,
檀,tang2,tʰã2,
檔,dang3,tã3,
檄,xiaq6,ɕiʌʔ6,
檢,jie3,tɕie̞3,
檜,huae4,xuɛ4,
櫛,zhaq5,tʂʌʔ5,
檳,bieng1,piəŋ1,
檬,meng2,məŋ2,
櫃,guei4,kuei4,
檻,jiang4,tɕiã4,
檸,nieng2,ȵiəŋ2,
櫥,cw2,tsʰʮ2,
櫝,duaq6,tuʌʔ6,
櫚,luei3,luei3,
櫓,lou3,lɤu3,
櫻,yeng1,iəŋ1,
欄,lang2,lã2,
權,qyue2,tɕʰyẽ̞2,
欖,lang3,lã3,
欠,qie4,tɕʰie̞4,
次,cr4,tsʰɿ4,
欣,xieng1,ɕiəŋ1,
欲,yuaq6,yʌʔ6,
款,kuon3,kʰuõ̞3,
欺,qi1,tɕʰi1,
欽,qieng1,tɕʰiəŋ1,
歇,xiaq5,ɕiʌʔ5,
歉,qie3,tɕʰie̞3,
歌,go1,kɔ1,
歌,gie1,kie̞1,
歐,ngou1,ŋɤu1,
歙,xiaq5,ɕiʌʔ5,
歟,yu2,y2,
歡,huon1,xuõ̞1,
止,zr3,tsɿ3,
正,zheng4,tʂəŋ4,
正,zhi4,tʂi4,
正,zheng1,tʂəŋ1,
此,cr3,tsʰɿ3,
步,bu4,pu4,
武,wu3,u3,
歧,qi2,tɕʰi2,
歪,wae1,uɛ1,
歲,suei4,suei4,
歷,liaq6,liʌʔ6,
歸,guei1,kuei1,
歹,dae3,tɛ3,
死,sr3,sɿ3,
歿,maq6,mʌʔ6,
殃,yang1,iã1,
殆,dae4,tɛ4,
殊,sw1,sʮ1,
殉,xyueng4,ɕyəŋ4,
殘,cang2,tsʰã2,
殖,shaq6,ʂʌʔ6,zhaq5實爲植
殖,zhaq5,tʂʌʔ5,
殤,shang1,ʂã1,
殮,lie4,lie̞4,
殯,bieng4,piəŋ4,
殲,jie1,tɕie̞1,
段,duon4,tuõ̞4,
殷,yeng1,iəŋ1,
殺,saq5,sʌʔ5,
殼,kaq5,kʰʌʔ5,
毀,huei3,xuei3,
殿,die4,tie̞4,
毅,ni4,ȵi4,
毆,ngou1,ŋɤu1,
毋,wu2,u2,姓氏音武（似乎）
毋,wu3,u3,
母,mu3,mu3,
每,mae3,mɛ3,
毒,duaq6,tuʌʔ6,
毓,yuaq6,yʌʔ6,
比,bi3,pi3,
毗,pi2,pʰi2,
毛,mo2,mɔ2,
毛,mu2,mu2,
毫,ho2,xɔ2,
毯,tang3,tʰã3,
毽,jie4,tɕie̞4,
氏,sr4,sɿ4,
民,mieng2,miəŋ2,
氐,zhr1,tʂʅ1,
氐,di1,ti1,
氓,meng2,məŋ2,
氓,mang2,mã2,
氛,hueng2,xuəŋ2,
氟,huaq5,xuʌʔ5,
氣,qi4,tɕʰi4,
氧,yang3,iã3,
氨,ngang1,ŋã1,
氦,hae4,xɛ4,
氤,yeng1,iəŋ1,
氫,qieng1,tɕʰiəŋ1,
氮,dang4,tã4,
氯,luaq6,luʌʔ6,
氳,yueng1,yəŋ1,
水,suei3,suei3,
永,yueng3,yəŋ3,
汁,zhaq5,tʂʌʔ5,
汀,tieng1,tʰiəŋ1,
氾,huon2,xuõ̞2,
求,qiou2,tɕʰiɤu2,
汝,zsw3,zʮ3,
汗,hang4,xã4,
汙,wu1,u1,
江,jiang1,tɕiã1,
池,chr2,tʂʰʅ2,
汐,xiaq6,ɕiʌʔ6,
汕,sang3,sã3,
汞,gueng3,kuəŋ3,
沙,sa1,sa1,
沁,qieng4,tɕʰiəŋ4,
沈,sheng3,ʂəŋ3,
沉,cheng2,tʂʰəŋ2,
沅,yue2,yẽ̞2,
沛,pae4,pʰɛ4,
汪,won1,uõ̞1,
決,jyuaq5,tɕyʌʔ5,
沐,maq6,mʌʔ6,
汰,tae4,tʰɛ4,
沌,tueng2,tʰuəŋ2,
汨,guaq5,kuʌʔ5,
沖,cueng1,tsʰuəŋ1,
沒,maq6,mʌʔ6,
汽,qi4,tɕʰi4,
沃,waq5,uʌʔ5,
汲,jiaq5,tɕiʌʔ5,
汾,hueng2,xuəŋ2,
泣,qiaq5,tɕʰiʌʔ5,
注,zw4,tsʮ4,
泳,yueng4,yəŋ4,
沱,tuo2,tʰuo̞2,
泌,bi4,pi4,
泥,ni2,ȵi2,
河,ho2,xɔ2,
河,hei2,xei2,
沽,gu1,ku1,
沾,zhang1,tʂã1,
沼,zho3,tʂɔ3,
波,bo1,pɔ1,
沫,maq6,mʌʔ6,
法,huaq5,xuʌʔ5,
泓,hueng2,xuəŋ2,
沸,huei4,xuei4,
泄,xiaq5,ɕiʌʔ5,
油,you2,iɤu2,
況,kuon4,kʰuõ̞4,
沮,jyu3,tɕy3,
泗,sr4,sɿ4,
泅,qiou2,tɕʰiɤu2,
泱,yang1,iã1,
沿,yue2,yẽ̞2,
沿,ye2,ie̞2,
治,zhr4,tʂʅ4,
泡,po4,pʰɔ4,
泛,huon4,xuõ̞4,
泊,baq6,pʌʔ6,
泉,qyue2,tɕʰyẽ̞2,
泉,jyue2,tɕyẽ̞2,
泰,tae4,tʰɛ4,
洋,yang2,iã2,
洲,zhou1,tʂɤu1,
洪,hueng2,xuəŋ2,
流,liou2,liɤu2,
津,jieng1,tɕiəŋ1,
洌,liaq6,liʌʔ6,
洱,er3,ər3,
洞,dueng4,tuəŋ4,
洞,tueng2,tʰuəŋ2,
洗,sei3,sei3,
活,huaq6,xuʌʔ6,
洽,qiaq5,tɕʰiʌʔ5,
派,pae4,pʰɛ4,
洶,xyueng1,ɕyəŋ1,
洶,xyueng3,ɕyəŋ3,
洛,laq6,lʌʔ6,
浪,lang2,lã2,
涕,ti3,tʰi3,
消,xio1,ɕiɔ1,
涇,jieng1,tɕiəŋ1,
浦,pu3,pʰu3,
浸,qieng1,tɕʰiəŋ1,
浸,jieng4,tɕiəŋ4,
海,hae3,xɛ3,
浙,zhaq5,tʂʌʔ5,
涓,jyue1,tɕyẽ̞1,
涉,shaq6,ʂʌʔ6,
浮,hu2,xu2,
浚,xyueng4,ɕyəŋ4,
浴,yuaq6,yʌʔ6,
浩,ho4,xɔ4,
涎,ye2,ie̞2,
涼,liang2,liã2,
涼,luo2,luo̞2,
淳,cueng2,tsʰuəŋ2,
淙,cueng2,tsʰuəŋ2,
液,ye4,ie̞4,
淡,dang4,tã4,
淌,tang3,tʰã3,
淤,yu1,y1,
添,tie1,tʰie̞1,
淺,qie3,tɕʰie̞3,
清,qieng1,tɕʰiəŋ1,
清,cei1,tsʰei1,
淇,qi2,tɕʰi2,
淋,lieng2,liəŋ2,
涯,nie2,ȵie̞2,
淑,suaq6,suʌʔ6,
涮,suon4,suõ̞4,
淞,sueng1,suəŋ1,
淹,ye1,ie̞1,
涸,haq6,xʌʔ6,
混,hueng4,xuəŋ4,
混,hueng3,xuəŋ3,
淵,yue1,yẽ̞1,
淅,xiaq5,ɕiʌʔ5,
淒,cei1,tsʰei1,
渚,zw3,tsʮ3,
涵,hang2,xã2,
淚,luei4,luei4,
淫,yeng2,iəŋ2,
淘,to2,tʰɔ2,
淘,do2,tɔ2,
淪,lueng2,luəŋ2,
深,sheng1,ʂəŋ1,
淮,huae2,xuɛ2,
淨,jieng4,tɕiəŋ4,
淨,zei4,tsei4,
淆,nio3,ȵiɔ3,
淄,zr1,tsɿ1,
港,gang3,kã3,
游,you2,iɤu2,
湔,qie2,tɕʰie̞2,
渡,du4,tu4,
渲,xyue4,ɕyẽ̞4,
湧,yueng3,yəŋ3,
湊,cou4,tsʰɤu4,
渠,qyu2,tɕʰy2,
渠,jyu2,tɕy2,
渥,yuaq5,yʌʔ5,
渣,za1,tsa1,
減,jiang3,tɕiã3,
湛,zang4,tsã4,
湘,xiang1,ɕiã1,
渤,baq6,pʌʔ6,
湖,hu2,xu2,
湮,ye1,ie̞1,
渭,wei4,uei4,
渦,wo1,uo̞1,
渦,wei1,uei1,
湯,tang1,tʰã1,
湯,tuo1,tʰuo̞1,
渴,kaq5,kʰʌʔ5,
湍,tuon1,tʰuõ̞1,
渺,mio3,miɔ3,
測,caq5,tsʰʌʔ5,
湃,pae4,pʰɛ4,
渝,yu2,y2,
渾,hueng2,xuəŋ2,
滋,zr1,tsɿ1,
溉,gae4,kɛ4,
渙,huon4,xuõ̞4,
溢,yaq6,iʌʔ6,
溯,sou4,sɤu4,
滓,zr3,tsɿ3,
溶,yueng2,yəŋ2,
滂,pang1,pʰã1,
源,yue2,yẽ̞2,
溝,gou1,kɤu1,
滇,tie2,tʰie̞2,
滇,die1,tie̞1,
滅,miaq6,miʌʔ6,
溥,pu3,pʰu3,
溘,haq5,xʌʔ5,
溼,shaq5,ʂʌʔ5,
溺,niaq6,ȵiʌʔ6,
溫,weng1,uəŋ1,
滑,guaq5,kuʌʔ5,
滑,huaq6,xuʌʔ6,
準,zueng3,tsuəŋ3,
溜,liou4,liɤu4,
滄,cang1,tsʰã1,
滔,to1,tʰɔ1,
溪,qi1,tɕʰi1,
漳,zhang1,tʂã1,
演,ye3,ie̞3,
滾,gueng3,kuəŋ3,
漓,li2,li2,
滴,diaq5,tiʌʔ5,
漩,xyue4,ɕyẽ̞4,
漾,yang4,iã4,
漾,yuo4,yo̞4,
漠,maq6,mʌʔ6,
漬,zr4,tsɿ4,
漏,lou4,lɤu4,
漂,pio1,pʰiɔ1,
漂,pio3,pʰiɔ3,
漢,hang4,xã4,
滿,mang3,mã3,
滯,zr4,tsɿ4,祭韻不確定平翹
漆,qiaq5,tɕʰiʌʔ5,
漱,sou4,sɤu4,
漸,jie1,tɕie̞1,
漲,zhang3,tʂã3,
漲,zuo3,tsuo̞3,
漣,lie2,lie̞2,
漕,co2,tsʰɔ2,
漫,mang4,mã4,
漯,taq5,tʰʌʔ5,
澈,chaq5,tʂʰʌʔ5,
漪,yi1,i1,
滬,hu4,xu4,
漁,yu2,y2,
漁,nyu2,ȵy2,
滲,seng4,səŋ4,
滌,diaq6,tiʌʔ6,
漿,jiang1,tɕiã1,
潼,tueng2,tʰuəŋ2,
澄,cheng2,tʂʰəŋ2,
潑,paq5,pʰʌʔ5,
潦,lio3,liɔ3,
潔,jiaq5,tɕiʌʔ5,
澆,jio1,tɕiɔ1,
潭,tang2,tʰã2,
潛,qie2,tɕʰie̞2,
潸,sang1,sã1,
潮,cho2,tʂʰɔ2,
澎,peng2,pʰəŋ2,
潺,cang2,tsʰã2,
潰,kuae4,kʰuɛ4,
潤,zsueng4,zuəŋ4,
澗,jiang4,tɕiã4,
潘,pang1,pʰã1,
濂,lie2,lie̞2,
澱,die4,tie̞4,
澡,zo3,tsɔ3,
濃,neng2,ȵəŋ2,
澤,zaq6,tsʌʔ6,
濁,zuaq6,tsuʌʔ6,
澧,li3,li3,
澳,ngo4,ŋɔ4,
激,jiaq5,tɕiʌʔ5,
澹,dang4,tã4,
濘,nieng3,ȵiəŋ3,
濱,bieng1,piəŋ1,
濟,zei3,tsei3,
濠,ho2,xɔ2,
濛,meng2,məŋ2,
濤,to2,tʰɔ2,
濫,lang4,lã4,
濯,zuaq6,tsuʌʔ6,
濯,zhaq6,tʂʌʔ6,
澀,saq5,sʌʔ5,
濬,xyueng4,ɕyəŋ4,
濡,zsw2,zʮ2,
瀉,xie3,ɕie̞3,
瀋,sheng3,ʂəŋ3,
濾,luei4,luei4,
瀆,duaq6,tuʌʔ6,
濺,jie1,tɕie̞1,
瀑,paq5,pʰʌʔ5,
瀏,liou2,liɤu2,
瀛,yeng2,iəŋ2,
瀟,xio1,ɕiɔ1,
瀨,lae4,lɛ4,
瀚,hang4,xã4,
瀝,liaq6,liʌʔ6,
瀕,bieng1,piəŋ1,
瀾,lang2,lã2,
瀰,mi2,mi2,
灌,guon4,kuõ̞4,
灑,sa3,sa3,
灘,tang1,tʰã1,
灣,won1,uõ̞1,
灤,luon2,luõ̞2,
火,huo3,xuo̞3,
火,huei3,xuei3,
灰,huae1,xuɛ1,
灶,zo4,tsɔ4,
灼,zuaq5,tsuʌʔ5,
災,zae1,tsɛ1,
灸,jiou3,tɕiɤu3,
炕,kang4,kʰã4,
炕,kuo4,kʰuo̞4,
炎,ye2,ie̞2,
炒,co3,tsʰɔ3,
炒,so3,sɔ3,
炊,cuei1,tsʰuei1,
炙,zhaq5,tʂʌʔ5,
炫,xyue4,ɕyẽ̞4,
為,wei2,uei2,
炳,bieng3,piəŋ3,
炬,jyu4,tɕy4,
炯,jyueng3,tɕyəŋ3,
炭,tang4,tʰã4,
炸,zaq6,tsʌʔ6,
炮,po2,pʰɔ2,
烊,yang2,iã2,
烘,hueng1,xuəŋ1,
烤,ko3,kʰɔ3,
烙,lo4,lɔ4,
烈,liaq6,liʌʔ6,
烏,wu1,u1,
烹,peng1,pʰəŋ1,
焉,ye1,ie̞1,
焊,hang4,xã4,
烽,hueng1,xuəŋ1,
焙,bae4,pɛ4,
焚,hueng2,xuəŋ2,
焦,jio1,tɕiɔ1,
焰,ye4,ie̞4,
無,wu2,u2,
然,rang2,ɻã2,
煮,zw3,tsʮ3,
煎,jie1,tɕie̞1,
煙,ye1,ie̞1,
煩,huon2,xuõ̞2,
煤,mae2,mɛ2,
煉,lyue4,lyẽ̞4,
照,zho4,tʂɔ4,
煜,yuaq6,yʌʔ6,
煬,yang2,iã2,
煦,xyu4,ɕy4,
煌,huon2,xuõ̞2,
煥,huon4,xuõ̞4,
煞,saq5,sʌʔ5,
熔,yueng2,yəŋ2,
熙,xi1,ɕi1,
煽,shang1,ʂã1,
熊,xyueng2,ɕyəŋ2,
熄,xiaq5,ɕiʌʔ5,
熟,suaq6,suʌʔ6,
熬,ngo2,ŋɔ2,
熱,raq5,ɻʌʔ5,
熨,wei4,uei4,
熾,cr4,tsʰɿ4,
燉,dueng4,tuəŋ4,
燐,lieng2,liəŋ2,
燒,sho1,ʂɔ1,
燈,deng1,təŋ1,
燕,ye1,ie̞1,
熹,xi1,ɕi1,
燎,lio2,liɔ2,
燙,tang4,tʰã4,
燙,tuo4,tʰuo̞4,
燜,meng2,məŋ2,
燃,rang2,ɻã2,
燄,ye4,ie̞4,
燧,suei4,suei4,
營,yi2,i2,
營,yeng2,iəŋ2,
燮,xiaq5,ɕiʌʔ5,
燦,cang4,tsʰã4,
燥,so3,sɔ3,
燥,co4,tsʰɔ4,
燭,zuaq5,tsuʌʔ5,
燬,huei3,xuei3,
燴,huae4,xuɛ4,
燻,xyueng1,ɕyəŋ1,
爆,bo4,pɔ4,
爍,suaq5,suʌʔ5,
爐,lou2,lɤu2,
爛,lang4,lã4,
爨,cuon4,tsʰuõ̞4,
爪,zo3,tsɔ3,
爪,zua3,tsua3,
爬,pa2,pʰa2,
爬,ba2,pa2,
爭,zeng1,tsəŋ1,
爰,yue2,yẽ̞2,
爵,jyuaq5,tɕyʌʔ5,
父,hu3,xu3,
爸,ba4,pa4,
爹,die1,tie̞1,
爺,ye2,ie̞2,
爻,nio2,ȵiɔ2,
爽,suon3,suõ̞3,
爾,er3,ər3,
牆,qiang2,tɕʰiã2,
牆,jyuo2,tɕyo̞2,
片,pie4,pʰie̞4,
片,pie3,pʰie̞3,
版,bang3,pã3,
牌,pae2,pʰɛ2,
牒,diaq6,tiʌʔ6,
牖,you3,iɤu3,
牘,duaq6,tuʌʔ6,
牙,nia2,ȵia2,
牛,niou2,ȵiɤu2,
牟,mu2,mu2,
牝,bi4,pi4,
牢,lo2,lɔ2,
牡,mu3,mu3,
牠,tuo1,tʰuo̞1,
牧,maq6,mʌʔ6,
物,waq6,uʌʔ6,
牲,seng1,səŋ1,
牯,gu3,ku3,
牴,di3,ti3,
特,taq5,tʰʌʔ5,
牽,qie1,tɕʰie̞1,
犁,li2,li2,
犄,yi1,i1,
犀,sei1,sei1,
犒,ko4,kʰɔ4,
犖,luaq6,luʌʔ6,
犛,li2,li2,
犢,duaq6,tuʌʔ6,
犧,xi1,ɕi1,
犬,qyue3,tɕʰyẽ̞3,
犯,huon4,xuõ̞4,
狄,diaq6,tiʌʔ6,
狂,kuon2,kʰuõ̞2,
狀,zuon4,tsuõ̞4,
狎,xiaq6,ɕiʌʔ6,
狙,jyu1,tɕy1,
狗,gou3,kɤu3,
狐,hu2,xu2,
狩,shou4,ʂɤu4,
狠,heng3,xəŋ3,
狡,jio3,tɕiɔ3,
狼,lang2,lã2,
狹,xiaq6,ɕiʌʔ6,
狽,bae4,pɛ4,
狸,li2,li2,
狷,jyue4,tɕyẽ̞4,
猜,cae1,tsʰɛ1,
猛,meng3,məŋ3,
猛,mia3,mia3,
猖,chang1,tʂʰã1,
猓,guo3,kuo̞3,
猙,zeng1,tsəŋ1,
猶,you2,iɤu2,
猥,wei3,uei3,
猴,hou2,xɤu2,
猩,xieng1,ɕiəŋ1,
猷,you2,iɤu2,
獅,sr1,sɿ1,
猿,yue2,yẽ̞2,
猾,huaq6,xuʌʔ6,
獄,yuaq6,yʌʔ6,
獐,zhang1,tʂã1,
獎,jiang3,tɕiã3,
獗,jyuaq6,tɕyʌʔ6,
獨,duaq6,tuʌʔ6,
獰,nieng2,ȵiəŋ2,
獲,huaq6,xuʌʔ6,
獷,guon3,kuõ̞3,
獵,liaq6,liʌʔ6,
獸,shou4,ʂɤu4,
獺,taq5,tʰʌʔ5,
獻,xie4,ɕie̞4,
玄,xyue2,ɕyẽ̞2,
率,suae4,suɛ4,
率,suaq5,suʌʔ5,
王,won2,uõ̞2,
王,wo2,uo̞2,
玉,yu4,y4,
玖,jiou3,tɕiɤu3,
玩,won4,uõ̞4,
玨,jyuaq5,tɕyʌʔ5,
玟,mae2,mɛ2,
玫,mae2,mɛ2,
玷,die4,tie̞4,
珊,sang1,sã1,
玻,bo1,pɔ1,
玲,lieng2,liəŋ2,
珍,zheng1,tʂəŋ1,
珀,piaq5,pʰiʌʔ5,
玳,dae4,tɛ4,
班,bang1,pã1,
琉,niou2,ȵiɤu2,
珮,pae4,pʰɛ4,
珠,zw1,tsʮ1,
琅,lang2,lã2,
琊,nia2,ȵia2,
球,qiou2,tɕʰiɤu2,
理,li3,li3,
現,xie4,ɕie̞4,
琺,huaq5,xuʌʔ5,
琪,qi2,tɕʰi2,
琳,lieng2,liəŋ2,
琢,zuaq5,tsuʌʔ5,
琥,hu3,xu3,
琵,pi2,pʰi2,
琶,pa2,pʰa2,
琴,qieng2,tɕʰiəŋ2,
瑯,lang2,lã2,
瑚,hu2,xu2,
瑕,xia2,ɕia2,
瑟,saq5,sʌʔ5,
瑞,zuei4,tsuei4,
瑁,mae4,mɛ4,
瑁,mo4,mɔ4,
琿,hueng2,xuəŋ2,
瑙,no3,ȵɔ3,
瑛,yeng1,iəŋ1,
瑜,yu2,y2,
瑤,yo2,iɔ2,
瑣,suo3,suo̞3,
瑪,ma3,ma3,
瑰,guei1,kuei1,
瑩,yeng2,iəŋ2,
璋,zhang1,tʂã1,
璃,li2,li2,
璜,huon2,xuõ̞2,
璣,ji1,tɕi1,
環,huon2,xuõ̞2,
璦,ngae4,ŋɛ4,
璧,biaq5,piʌʔ5,
璽,xi3,ɕi3,
瓊,qyueng2,tɕʰyəŋ2,
瓏,lueng2,luəŋ2,
瓜,gua1,kua1,
瓠,hu2,xu2,
瓢,pio2,pʰiɔ2,
瓣,bang4,pã4,
瓦,wa3,ua3,
瓶,pieng2,pʰiəŋ2,
瓷,cr2,tsʰɿ2,
瓷,zr2,tsɿ2,
甄,zheng1,tʂəŋ1,
甌,ngou1,ŋɤu1,
甕,weng4,uəŋ4,
甘,gang1,kã1,
甚,sheng4,ʂəŋ4,
甜,tie2,tʰie̞2,
甜,die2,tie̞2,
生,seng1,səŋ1,
生,she1,ʂʅɘ1,
產,cang3,tsʰã3,
甥,seng1,səŋ1,
甥,she1,ʂʅɘ1,
甦,sou1,sɤu1,
用,yueng4,yəŋ4,
甩,suae3,suɛ3,
甬,yueng3,yəŋ3,
甫,hu3,xu3,
田,tie2,tʰie̞2,
田,die2,tie̞2,
由,you2,iɤu2,
甲,jiaq5,tɕiʌʔ5,
申,sheng1,ʂəŋ1,
男,nang2,ȵã2,
甸,die4,tie̞4,
畏,wei4,uei4,
界,jie4,tɕie̞4,
畔,pang4,pʰã4,
畝,mu3,mu3,
畜,xyuaq5,ɕyʌʔ5,
畜,cuaq5,tsʰuʌʔ5,
畚,beng3,pəŋ3,
留,liou2,liɤu2,
略,lyuaq6,lyʌʔ6,
略,liaq6,liʌʔ6,
畦,huei2,xuei2,存疑
畢,biaq5,piʌʔ5,
異,yi4,i4,
畫,hua4,xua4,
番,huon2,xuõ̞2,
當,dang1,tã1,
當,duo1,tuo̞1,
畸,ji1,tɕi1,
疇,chou2,tʂʰɤu2,
疆,qiang1,tɕʰiã1,
疊,diaq6,tiʌʔ6,
疋,piaq5,pʰiʌʔ5,
疏,sw1,sʮ1,
疑,ni2,ȵi2,
疝,sang4,sã4,
疙,gaq6,kʌʔ6,
疚,jiou4,tɕiɤu4,
疫,yaq6,iʌʔ6,
疤,ba1,pa1,
疥,jie4,tɕie̞4,
疾,jiaq6,tɕiʌʔ6,
病,bieng4,piəŋ4,
症,zheng1,tʂəŋ1,
疲,pi2,pʰi2,
疳,gang1,kã1,
疽,jyu1,tɕy1,
疼,deng2,təŋ2,
疹,zheng3,tʂəŋ3,
痊,qyue1,tɕʰyẽ̞1,
痔,zhr4,tʂʅ4,
痕,heng2,xəŋ2,
疵,cr2,tsʰɿ2,
痢,li4,li4,
痛,tueng4,tʰuəŋ4,
痣,zr4,tsɿ4,
痙,jieng4,tɕiəŋ4,
痘,dou4,tɤu4,
痞,pi3,pʰi3,
瘀,yu4,y4,
痰,tang2,tʰã2,
瘁,cuei4,tsʰuei4,
痲,ma2,ma2,
痱,huei2,xuei2,
痺,bi4,pi4,
痿,wei3,uei3,
痴,chr1,tʂʰʅ1,
瘧,nyuaq6,ȵyʌʔ6,
瘍,yang2,iã2,
瘋,hueng1,xuəŋ1,
瘉,yu2,y2,
瘠,jiaq6,tɕiʌʔ6,
瘩,daq5,tʌʔ5,
瘟,weng1,uəŋ1,
瘤,liou2,liɤu2,
瘦,sou4,sɤu4,
瘡,cuon1,tsʰuõ̞1,
瘡,suo1,suo̞1,
瘴,zhang4,tʂã4,
瘸,qyue2,tɕʰyẽ̞2,
癆,lo4,lɔ4,
療,lio4,liɔ4,
癌,ngae3,ŋɛ3,
癖,piaq5,pʰiʌʔ5,
癘,li4,li4,
癒,yu3,y3,
癢,yang3,iã3,
癥,zheng1,tʂəŋ1,
癩,lae4,lɛ4,
癮,yeng3,iəŋ3,
癬,xie3,ɕie̞3,
癱,tang1,tʰã1,
癲,die1,tie̞1,
癸,guei3,kuei3,
登,deng1,təŋ1,
發,huaq5,xuʌʔ5,
白,biaq6,piʌʔ6,
白,bae2,pɛ2,
百,biaq5,piʌʔ5,
皂,zo4,tsɔ4,
的,diaq5,tiʌʔ5,
皆,jie1,tɕie̞1,
皇,huon2,xuõ̞2,
皈,guei1,kuei1,
皎,jio3,tɕiɔ3,
皖,won3,uõ̞3,
皓,ho4,xɔ4,
皚,ngae2,ŋɛ2,
皮,pi2,pʰi2,
皮,bi2,pi2,
皰,po4,pʰɔ4,
皴,qyueng1,tɕʰyəŋ1,
皺,zou4,tsɤu4,
皿,mieng3,miəŋ3,
盂,yu2,y2,
盈,yeng2,iəŋ2,
盆,peng2,pʰəŋ2,
盆,beng2,pəŋ2,
盃,bae1,pɛ1,
益,yaq5,iʌʔ5,
盍,haq6,xʌʔ6,
盎,ngang3,ŋã3,
盔,kuae1,kʰuɛ1,
盒,haq6,xʌʔ6,
盛,cheng2,tʂʰəŋ2,
盛,she2,ʂʅɘ2,
盜,do4,tɔ4,
盞,zang3,tsã3,
盟,meng2,məŋ2,
盡,jieng4,tɕiəŋ4,
監,jiang1,tɕiã1,
監,jiang4,tɕiã4,
盤,pang2,pʰã2,
盤,bang2,pã2,
盧,lou2,lɤu2,
盥,guon3,kuõ̞3,
盪,dang4,tã4,
目,maq6,mʌʔ6,
盯,dieng1,tiəŋ1,
盲,mang2,mã2,
直,zhaq6,tʂʌʔ6,
省,seng3,səŋ3,
盹,dueng3,tuəŋ3,
相,xiang1,ɕiã1,
相,xyuo1,ɕyo̞1,
相,xiang4,ɕiã4,
眉,mi2,mi2,
看,kang1,kʰã1,
盾,dueng4,tuəŋ4,
盼,pang4,pʰã4,
眩,xyue4,ɕyẽ̞4,
真,zheng1,tʂəŋ1,
眠,mie2,mie̞2,
眨,zaq5,tsʌʔ5,平翹記憶不清，存疑
眷,jyue4,tɕyẽ̞4,
眾,zueng1,tsuəŋ1,
眼,niang3,ȵiã3,
眶,kuon1,kʰuõ̞1,
眸,mu2,mu2,
眺,tio4,tʰiɔ4,
睏,kueng4,kʰuəŋ4,
睛,jieng1,tɕiəŋ1,
睛,zei1,tsei1,
睫,jiaq5,tɕiʌʔ5,
睦,maq6,mʌʔ6,
睞,lae4,lɛ4,
督,duaq5,tuʌʔ5,
睹,du3,tu3,
睪,go1,kɔ1,
睬,cae3,tsʰɛ3,
睜,zhe1,tʂʅɘ1,
睥,pi4,pʰi4,
睨,ni4,ȵi4,
瞄,mio3,miɔ3,
睽,kuei1,kʰuei1,
睿,zsuei4,zuei4,
睡,suei4,suei4,
瞎,haq5,xʌʔ5,
瞇,mi2,mi2,
瞌,kaq5,kʰʌʔ5,
瞑,mieng2,miəŋ2,
瞠,ceng1,tsʰəŋ1,
瞞,mang2,mã2,
瞟,pio3,pʰiɔ3,
瞥,piaq5,pʰiʌʔ5,
瞳,tueng2,tʰuəŋ2,
瞪,deng4,təŋ4,
瞰,kang4,kʰã4,
瞬,sueng4,suəŋ4,
瞧,qio2,tɕʰiɔ2,
瞭,lio2,liɔ2,
瞽,gu3,ku3,
瞿,qyu2,tɕʰy2,
瞻,zhang1,tʂã1,
矇,meng2,məŋ2,
矓,lueng2,luəŋ2,
矗,cuaq5,tsʰuʌʔ5,
矚,zuaq5,tsuʌʔ5,
矛,mo2,mɔ2,
矜,jieng1,tɕiəŋ1,
矢,sr3,sɿ3,
矣,yi3,i3,
知,zhr1,tʂʅ1,
矩,jyu3,tɕy3,
短,duon3,tuõ̞3,
矮,ngae3,ŋɛ3,
矯,jio3,tɕiɔ3,
石,shaq6,ʂʌʔ6,
矽,xiaq5,ɕiʌʔ5,
砂,sa1,sa1,
研,nie2,ȵie̞2,
砌,cei4,tsʰei4,
砍,kang3,kʰã3,
砰,peng1,pʰəŋ1,
砧,zheng1,tʂəŋ1,
砲,po4,pʰɔ4,
砸,zaq6,tsʌʔ6,
砝,huaq5,xuʌʔ5,
破,po4,pʰɔ4,
破,pei4,pʰei4,
砷,sheng1,ʂəŋ1,
砥,zr3,tsɿ3,
砭,bie1,pie̞1,
硫,liou2,liɤu2,
硃,zw1,tsʮ1,
硝,xio1,ɕiɔ1,
硬,nieng4,ȵiəŋ4,
硬,nie4,ȵie̞4,
硯,nie4,ȵie̞4,
碎,suae4,suɛ4,
碰,peng4,pʰəŋ4,
碗,won3,uõ̞3,
碘,die3,tie̞3,
碌,luaq6,luʌʔ6,
碉,dio1,tiɔ1,
硼,peng2,pʰəŋ2,
碑,bei1,pei1,
磁,cr2,tsʰɿ2,
碟,diaq6,tiʌʔ6,
碧,biaq5,piʌʔ5,
碳,tang4,tʰã4,
碩,shaq6,ʂʌʔ6,
碩,suaq6,suʌʔ6,
磋,cuo1,tsʰuo̞1,
磅,bang4,pã4,
確,qyuaq5,tɕʰyʌʔ5,
確,qiaq5,tɕʰiʌʔ5,
磊,luae3,luɛ3,
碾,nrang3,ɳã3,
磕,kaq5,kʰʌʔ5,
碼,ma3,ma3,
磐,pang2,pʰã2,
磨,mo2,mɔ2,
磨,mei2,mei2,
磚,zuon1,tsuõ̞1,
磬,qieng4,tɕʰiəŋ4,
磷,lieng2,liəŋ2,
磺,huon2,xuõ̞2,
磴,deng4,təŋ4,
磯,ji1,tɕi1,
礁,jio1,tɕiɔ1,
礎,cw3,tsʰʮ3,
礙,ngae4,ŋɛ4,
礦,kuon4,kʰuõ̞4,
礪,li4,li4,
礬,huon2,xuõ̞2,
礫,liaq6,liʌʔ6,
示,sr4,sɿ4,
社,she4,ʂʅɘ4,
祀,sr4,sɿ4,
祁,qi2,tɕʰi2,
祆,xie1,ɕie̞1,
祉,chr3,tʂʰʅ3,
祈,qi2,tɕʰi2,
祇,qi2,tɕʰi2,
祕,bi4,pi4,
祐,you4,iɤu4,
祠,cr2,tsʰɿ2,
祠,sr2,sɿ2,
祟,suei4,suei4,
祖,zou3,tsɤu3,
神,sheng2,ʂəŋ2,
祝,zuaq5,tsuʌʔ5,
祗,zr1,tsɿ1,
祚,zou4,tsɤu4,
祥,xiang2,ɕiã2,
票,pio4,pʰiɔ4,
祭,ji4,tɕi4,
祭,zei4,tsei4,
祺,qi2,tɕʰi2,
祿,luaq6,luʌʔ6,
禁,jieng1,tɕiəŋ1,
禁,jieng4,tɕiəŋ4,
禎,zheng1,tʂəŋ1,
福,huaq5,xuʌʔ5,
禍,huo4,xuo̞4,
禍,huei4,xuei4,
禦,yu4,y4,
禧,xi1,ɕi1,
禪,chang2,tʂʰã2,
禮,li3,li3,
禱,do3,tɔ3,
禹,yu3,y3,
萬,won4,uõ̞4,
禽,qieng2,tɕʰiəŋ2,
禾,huo2,xuo̞2,
私,sr1,sɿ1,
秀,xiou4,ɕiɤu4,
禿,tuaq5,tʰuʌʔ5,
秉,bieng3,piəŋ3,
科,kuo1,kʰuo̞1,
秒,mio3,miɔ3,
秋,qiou1,tɕʰiɤu1,
秤,cheng4,tʂʰəŋ4,
秣,maq6,mʌʔ6,
秧,yang1,iã1,
秧,yuo1,yo̞1,
租,zou1,tsɤu1,
秦,qieng2,tɕʰiəŋ2,
秩,zhaq5,tʂʌʔ5,
移,yi2,i2,
稍,so4,sɔ4,
稈,gang3,kã3,
程,cheng2,tʂʰəŋ2,
稅,suei4,suei4,
稀,xi1,ɕi1,
稜,leng2,ləŋ2,
稚,zhr4,tʂʅ4,
稠,chou2,tʂʰɤu2,
稠,zhou2,tʂɤu2,
稔,reng3,ɻəŋ3,
稟,bieng3,piəŋ3,
種,zueng3,tsuəŋ3,
種,zueng4,tsuəŋ4,
稱,cheng1,tʂʰəŋ1,
稿,go3,kɔ3,
稼,jia4,tɕia4,
穀,guaq5,kuʌʔ5,
稽,ji1,tɕi1,
稷,jiaq5,tɕiʌʔ5,
稻,do4,tɔ4,
積,jiaq5,tɕiʌʔ5,
穎,yeng3,iəŋ3,
穆,maq6,mʌʔ6,
穌,sou1,sɤu1,
穗,suei4,suei4,
穗,xyu4,ɕy4,
穡,saq5,sʌʔ5,
穢,huei4,xuei4,
穫,huaq6,xuʌʔ6,
穩,weng3,uəŋ3,
穴,xyuaq6,ɕyʌʔ6,
究,jiou4,tɕiɤu4,
空,kueng1,kʰuəŋ1,
穹,qyueng1,tɕʰyəŋ1,
穿,cuon1,tsʰuõ̞1,
突,tuaq5,tʰuʌʔ5,
窄,zaq5,tsʌʔ5,
窄,zhaq5,tʂʌʔ5,
窈,yo3,iɔ3,
窒,zhaq5,tʂʌʔ5,
窕,tio3,tʰiɔ3,
窘,jyueng4,tɕyəŋ4,
窗,cuon1,tsʰuõ̞1,
窗,suo1,suo̞1,
窖,jio4,tɕiɔ4,
窟,kuaq5,kʰuʌʔ5,
窠,kuo1,kʰuo̞1,
窪,wa1,ua1,
窩,wo1,uo̞1,
窩,wei1,uei1,
窯,yo2,iɔ2,
窮,qyueng2,tɕʰyəŋ2,
窮,jyueng2,tɕyəŋ2,
窺,kuei1,kʰuei1,
竄,cuon4,tsʰuõ̞4,
竅,qio4,tɕʰiɔ4,
竇,dou4,tɤu4,
竊,qiaq5,tɕʰiʌʔ5,
立,liaq6,liʌʔ6,
站,zang4,tsã4,
童,tueng2,tʰuəŋ2,
竣,jyueng4,tɕyəŋ4,
竭,jiaq6,tɕiʌʔ6,
端,duon1,tuõ̞1,
競,jieng4,tɕiəŋ4,
竹,zuaq5,tsuʌʔ5,
竺,duaq5,tuʌʔ5,
竿,gang1,kã1,
竽,yu2,y2,
笆,ba1,pa1,
笑,xio4,ɕiɔ4,
笠,liaq6,liʌʔ6,
笨,beng4,pəŋ4,
笛,diaq6,tiʌʔ6,
第,di4,ti4,
符,hu2,xu2,
笙,seng1,səŋ1,
笞,chr1,tʂʰʅ1,
等,deng3,təŋ3,
策,caq5,tsʰʌʔ5,
筆,biaq5,piʌʔ5,
筐,kuon1,kʰuõ̞1,
筐,kuo1,kʰuo̞1,
筒,tueng3,tʰuəŋ3,
答,daq6,tʌʔ6,
筍,sueng3,suəŋ3,
筋,jieng1,tɕiəŋ1,
筏,huaq6,xuʌʔ6,
筷,kuae4,kʰuɛ4,
節,jiaq5,tɕiʌʔ5,
筠,yueng2,yəŋ2,
管,guon3,kuõ̞3,
箕,ji1,tɕi1,
箋,jie1,tɕie̞1,
筵,ye2,ie̞2,
算,suon3,suõ̞3,
箝,qie2,tɕʰie̞2,
箔,baq6,pʌʔ6,
箏,zheng1,tʂəŋ1,
箭,jie4,tɕie̞4,
箱,xiang1,ɕiã1,
範,huon4,xuõ̞4,
箴,zheng1,tʂəŋ1,
篆,zuon4,tsuõ̞4,
篇,pie1,pʰie̞1,
篁,huon2,xuõ̞2,
篙,go1,kɔ1,
簑,suo1,suo̞1,
築,zuaq5,tsuʌʔ5,
篤,duaq5,tuʌʔ5,
篛,zsuaq6,zuʌʔ6,
篡,cuon4,tsʰuõ̞4,
篩,sae1,sɛ1,
簇,qyuaq5,tɕʰyʌʔ5,
簍,lou2,lɤu2,
篾,miaq6,miʌʔ6,
篷,peng2,pʰəŋ2,
簫,xio1,ɕiɔ1,
簧,huon2,xuõ̞2,
簪,zeng1,tsəŋ1,
簪,zang1,tsã1,
簞,dang1,tã1,
簣,guei4,kuei4,
簡,jiang3,tɕiã3,
簾,lie2,lie̞2,
簿,bu4,pu4,
簸,bo3,pɔ3,
簽,qie1,tɕʰie̞1,
簷,ye2,ie̞2,
籌,chou2,tʂʰɤu2,
籃,lang2,lã2,
籍,jiaq6,tɕiʌʔ6,
籐,teng2,tʰəŋ2,
籠,lueng2,luəŋ2,
籟,lae4,lɛ4,
籤,qie1,tɕʰie̞1,
籬,li2,li2,
籮,luo2,luo̞2,
籮,lei2,lei2,
籲,yu4,y4,
米,mi3,mi3,
粉,hueng3,xuəŋ3,
粒,liaq6,liʌʔ6,
粗,cou1,tsʰɤu1,
粟,xyuaq5,ɕyʌʔ5,
粥,zuaq5,tsuʌʔ5,
粱,liang2,liã2,
粱,luo2,luo̞2,
粳,geng1,kəŋ1,
粵,yuaq6,yʌʔ6,
粹,cuei4,tsʰuei4,
粽,jyueng4,tɕyəŋ4,
精,jieng1,tɕiəŋ1,
精,zei1,tsei1,
糊,hu2,xu2,
糕,go1,kɔ1,
糖,tang2,tʰã2,
糠,kang1,kʰã1,
糠,kuo1,kʰuo̞1,
糜,mi2,mi2,
糞,hueng4,xuəŋ4,
糟,zo1,tsɔ1,
糙,co4,tsʰɔ4,
糧,liang2,liã2,
糧,luo2,luo̞2,
糯,nuon3,ȵuõ̞3,存疑
糸,miaq6,miʌʔ6,
系,xi4,ɕi4,
糾,jiou3,tɕiɤu3,
紂,zhou4,tʂɤu4,
紅,hueng2,xuəŋ2,
紀,ji3,tɕi3,
紉,reng4,ɻəŋ4,
紇,haq6,xʌʔ6,
約,yuaq5,yʌʔ5,
紡,huon3,xuõ̞3,
紡,huo3,xuo̞3,
紗,sa1,sa1,
紋,weng2,uəŋ2,
紊,weng3,uəŋ3,
素,sou4,sɤu4,
索,saq5,sʌʔ5,
純,cueng2,tsʰuəŋ2,
紐,nrou3,ɳɤu3,
紕,pi2,pʰi2,
級,jiaq6,tɕiʌʔ6,
紜,yueng2,yəŋ2,
納,naq6,ȵʌʔ6,
紙,zr3,tsɿ3,
紛,hueng1,xuəŋ1,
絆,bang4,pã4,
絃,xie2,ɕie̞2,
統,tueng4,tʰuəŋ4,傳統讀去聲如統共
紮,zaq5,tsʌʔ5,
紹,sho4,ʂɔ4,
紼,huaq5,xuʌʔ5,
絀,cuaq5,tsʰuʌʔ5,
細,sei4,sei4,
紳,sheng1,ʂəŋ1,
組,zou3,tsɤu3,
累,luei3,luei3,
終,zueng1,tsuəŋ1,
絞,jio3,tɕiɔ3,
結,jiaq5,tɕiʌʔ5,
絨,zsueng2,zuəŋ2,
絕,jyuaq6,tɕyʌʔ6,
紫,zr3,tsɿ3,
絮,xyu4,ɕy4,
絲,sr1,sɿ1,
絡,laq6,lʌʔ6,
給,jiaq5,tɕiʌʔ5,
給,jyu3,tɕy3,
絢,xyue4,ɕyẽ̞4,
經,jieng1,tɕiəŋ1,
經,ji1,tɕi1,
絹,jyue4,tɕyẽ̞4,
綑,kueng3,kʰuəŋ3,
綁,bang3,pã3,
綏,suei1,suei1,
綻,zang4,tsã4,
綰,won3,uõ̞3,
綜,zueng1,tsuəŋ1,
綽,cuaq5,tsʰuʌʔ5,
綾,lieng2,liəŋ2,
綠,luaq6,luʌʔ6,
緊,jieng3,tɕiəŋ3,
綴,zuei4,tsuei4,
網,won3,uõ̞3,
綱,gang1,kã1,
綺,qi3,tɕʰi3,
綢,chou2,tʂʰɤu2,
綿,mie2,mie̞2,
綵,cae3,tsʰɛ3,
綸,lueng2,luəŋ2,
維,wei2,uei2,
緒,xyu4,ɕy4,
緇,zr1,tsɿ1,
締,di4,ti4,
練,lie4,lie̞4,
練,lyue4,lyẽ̞4,
緯,wei3,uei3,
緻,zhr4,tʂʅ4,
緘,jiang1,tɕiã1,
緬,mie3,mie̞3,
緝,qiaq5,tɕʰiʌʔ5,
編,bie1,pie̞1,
緣,yue2,yẽ̞2,
線,xie4,ɕie̞4,
緞,duon4,tuõ̞4,
緩,huon4,xuõ̞4,
綞,duo3,tuo̞3,
縊,yi4,i4,
縑,jie1,tɕie̞1,
縈,yeng2,iəŋ2,
縛,huaq6,xuʌʔ6,
縣,xie4,ɕie̞4,
縮,suaq5,suʌʔ5,
縮,cuaq5,tsʰuʌʔ5,
績,jiaq5,tɕiʌʔ5,
繆,mu2,mu2,
縷,luei3,luei3,
縲,luei2,luei2,
繃,beng1,pəŋ1,
縫,hueng2,xuəŋ2,
總,zueng3,tsuəŋ3,
縱,zueng4,tsuəŋ4,
繅,so1,sɔ1,
繁,huon2,xuõ̞2,
織,zhaq5,tʂʌʔ5,
繕,shang4,ʂã4,
繞,ro3,ɻɔ3,
繚,lio2,liɔ2,
繡,xiou4,ɕiɤu4,
繫,ji4,tɕi4,
繫,xi4,ɕi4,
繭,jie3,tɕie̞3,
繹,yaq6,iʌʔ6,
繩,sheng2,ʂəŋ2,
繩,shr2,ʂʅ2,
繪,huae4,xuɛ4,
辮,bie4,pie̞4,
繽,pieng1,pʰiəŋ1,
繼,ji4,tɕi4,
纂,zuon3,tsuõ̞3,
纏,chang2,tʂʰã2,
續,xyuaq6,ɕyʌʔ6,
纓,yeng1,iəŋ1,
纖,xie1,ɕie̞1,
纜,lang3,lã3,
缶,hu3,xu3,
缸,huo2,xuo̞2,
缸,gang1,kã1,
缺,qyuaq5,tɕʰyʌʔ5,
缽,baq5,pʌʔ5,
罄,qieng4,tɕʰiəŋ4,
罈,tang2,tʰã2,
罐,guon4,kuõ̞4,
罕,hang3,xã3,
罔,won3,uõ̞3,
罟,gu3,ku3,
置,zhr4,tʂʅ4,
罩,zo4,tsɔ4,
罪,zuae4,tsuɛ4,
署,sw4,sʮ4,
罰,huaq6,xuʌʔ6,
罵,ma3,ma3,
罷,ba4,pa4,
罹,li2,li2,
羅,luo2,luo̞2,
羅,lei2,lei2,
羈,ji1,tɕi1,
羊,yang2,iã2,
羊,yuo2,yo̞2,
羌,qiang1,tɕʰiã1,
羋,mi3,mi3,
美,mei3,mei3,
羔,go1,kɔ1,
羞,xiou1,ɕiɤu1,
羚,lieng2,liəŋ2,
善,shang4,ʂã4,
義,ni4,ȵi4,
羨,xie4,ɕie̞4,
群,qyueng2,tɕʰyəŋ2,
羯,jiaq5,tɕiʌʔ5,
羲,xi1,ɕi1,
羶,shang1,ʂã1,
羹,geng1,kəŋ1,
羹,jie1,tɕie̞1,
羸,luei2,luei2,
羽,yu3,y3,
羿,ni4,ȵi4,
翅,sr4,sɿ4,
翅,cr4,tsʰɿ4,
翁,weng1,uəŋ1,
翌,yaq6,iʌʔ6,
翎,lieng2,liəŋ2,
習,xiaq6,ɕiʌʔ6,
翔,xiang2,ɕiã2,
翕,xiaq5,ɕiʌʔ5,
翠,cuei4,tsʰuei4,
翡,huei3,xuei3,
翟,zaq6,tsʌʔ6,
翟,zhaq6,tʂʌʔ6,
翩,pie1,pʰie̞1,
翰,hang4,xã4,
翱,ngo2,ŋɔ2,
翳,yi1,i1,
翼,yaq6,iʌʔ6,
翹,qio2,tɕʰiɔ2,
翹,qio4,tɕʰiɔ4,
翻,huon1,xuõ̞1,
耀,yo4,iɔ4,
老,lo3,lɔ3,
考,ko3,kʰɔ3,
者,zhe3,tʂʅɘ3,
耆,qi2,tɕʰi2,
而,er2,ər2,
耐,nae4,ȵɛ4,
耍,sua3,sua3,
耒,luei3,luei3,
耘,yueng2,yəŋ2,
耕,geng1,kəŋ1,
耕,jie1,tɕie̞1,
耙,pa1,pʰa1,
耗,ho4,xɔ4,
耜,sr4,sɿ4,
耳,er3,ər3,
耶,ye2,ie̞2,
耽,dang1,tã1,
耿,geng3,kəŋ3,
聊,lio2,liɔ2,
聆,lieng2,liəŋ2,
聖,sheng4,ʂəŋ4,
聘,pieng4,pʰiəŋ4,
聞,weng2,uəŋ2,
聚,jyu4,tɕy4,
聱,ngo2,ŋɔ2,
聲,sheng1,ʂəŋ1,
聲,shr1,ʂʅ1,
聰,cueng1,tsʰuəŋ1,
聯,lyue2,lyẽ̞2,
聳,sueng3,suəŋ3,
職,zhaq5,tʂʌʔ5,
聶,nraq6,ɳʌʔ6,
聾,lueng2,luəŋ2,
聽,tieng1,tʰiəŋ1,
聽,ti1,tʰi1,
聿,yuaq6,yʌʔ6,
肆,sr4,sɿ4,
肄,yi4,i4,
肅,xyuaq5,ɕyʌʔ5,
肇,zho4,tʂɔ4,
肉,rou6,ɻɤu6,
肋,laq6,lʌʔ6,
肌,ji1,tɕi1,
肖,xio4,ɕiɔ4,
肓,huon1,xuõ̞1,
肝,gang1,kã1,
肘,zhou3,tʂɤu3,
肛,gang1,kã1,
肚,du4,tu4,
肚,du3,tu3,
育,yuaq6,yʌʔ6,
肺,xi4,ɕi4,
肺,huei4,xuei4,
肥,huei2,xuei2,
肢,zr1,tsɿ1,
肱,gueng1,kuəŋ1,
股,gu3,ku3,
肫,zueng1,tsuəŋ1,
肩,jiang1,tɕiã1,
肴,yo2,iɔ2,
肪,huon2,xuõ̞2,
肯,keng3,kʰəŋ3,
胖,pang4,pʰã4,
胖,pang2,pʰã2,
胥,xyu1,ɕy1,
胚,pae1,pʰɛ1,
胃,wei4,uei4,
胄,zhou4,tʂɤu4,
背,bae4,pɛ4,
胡,hu2,xu2,
胛,jiaq5,tɕiʌʔ5,
胎,tae1,tʰɛ1,
胞,bo1,pɔ1,
胤,yeng4,iəŋ4,
胱,guon1,kuõ̞1,
脂,zr3,tsɿ3,
胰,yi2,i2,
脅,xiaq5,ɕiʌʔ5,
胭,ye1,ie̞1,
胴,dueng4,tuəŋ4,
脆,cuei4,tsʰuei4,
胸,xyueng1,ɕyəŋ1,
胳,gaq5,kʌʔ5,
脈,miaq6,miʌʔ6,
能,neng2,ȵəŋ2,
脊,jiaq5,tɕiʌʔ5,
脯,bu2,pu2,
脖,baq6,pʌʔ6,
脣,sueng2,suəŋ2,
脫,tuaq5,tʰuʌʔ5,
脩,xiou1,ɕiɤu1,
腕,won4,uõ̞4,
腔,qiang1,tɕʰiã1,
腋,yaq6,iʌʔ6,
腑,hu3,xu3,
腎,sheng4,ʂəŋ4,
脹,zhang4,tʂã4,
脹,zuo4,tsuo̞4,
腆,tie3,tʰie̞3,
脾,pi3,pʰi3,
腐,hu4,xu4,
腱,jie1,tɕie̞1,
腰,yo1,iɔ1,
腸,chang2,tʂʰã2,
腸,zuo2,tsuo̞2,
腥,xieng1,ɕiəŋ1,
腥,sei1,sei1,
腮,sae1,sɛ1,
腳,jyuaq5,tɕyʌʔ5,
腫,zueng3,tsuəŋ3,
腹,huaq5,xuʌʔ5,
腺,xie4,ɕie̞4,
腦,no3,ȵɔ3,
腦,lo3,lɔ3,
膀,pang2,pʰã2,
膏,go1,kɔ1,
膈,gaq5,kʌʔ5,
膊,paq5,pʰʌʔ5,
腿,tuae3,tʰuɛ3,
膛,tang2,tʰã2,
膜,mu2,mu2,
膝,xiaq5,ɕiʌʔ5,
膠,jio1,tɕiɔ1,
膚,hu1,xu1,
膳,shang4,ʂã4,
膩,nzr4,nzɿ4,
膨,peng2,pʰəŋ2,
臆,yi5,i5,
臃,yueng1,yəŋ1,
膺,yeng1,iəŋ1,
臂,bi4,pi4,
臀,tueng2,tʰuəŋ2,
膿,neng2,ȵəŋ2,
膽,dang3,tã3,
臉,lie3,lie̞3,
膾,kuae4,kʰuɛ4,
臍,cei2,tsʰei2,
臍,zei2,tsei2,
臏,bieng4,piəŋ4,
臘,laq6,lʌʔ6,
臚,luei2,luei2,
臟,zang4,tsã4,
臣,cheng2,tʂʰəŋ2,
臥,wo4,uo̞4,
臥,wei4,uei4,
臧,zang1,tsã1,
臨,lieng2,liəŋ2,
自,zr4,tsɿ4,
臭,chou4,tʂʰɤu4,
臬,niaq6,ȵiʌʔ6,
至,zr4,tsɿ4,
致,zhr4,tʂʅ4,
臺,tae2,tʰɛ2,
臺,dae2,tɛ2,
臻,zheng1,tʂəŋ1,
臼,jiou4,tɕiɤu4,
臾,yu2,y2,
舀,yo3,iɔ3,
舂,sueng1,suəŋ1,存疑
舅,jiou4,tɕiɤu4,
與,yu3,y3,
興,xieng1,ɕiəŋ1,
興,xieng4,ɕiəŋ4,
舉,jyu3,tɕy3,
舊,jiou4,tɕiɤu4,
舌,shaq6,ʂʌʔ6,
舍,she4,ʂʅɘ4,
舐,sr4,sɿ4,
舒,sw1,sʮ1,
舒,cw1,tsʰʮ1,
舔,tie3,tʰie̞3,
舛,cuon3,tsʰuõ̞3,
舜,sueng4,suəŋ4,
舞,wu3,u3,
舟,zhou1,tʂɤu1,
航,hang2,xã2,
舫,huon2,xuõ̞2,
般,bang1,pã1,
舵,duo4,tuo̞4,
舷,xie2,ɕie̞2,
舶,biaq6,piʌʔ6,
船,suon2,suõ̞2,
船,cuon2,tsʰuõ̞2,
艇,tieng3,tʰiəŋ3,
艘,sou1,sɤu1,
艙,cang1,tsʰã1,
艦,jiang4,tɕiã4,
艮,geng4,kəŋ4,
良,liang2,liã2,
良,luo2,luo̞2,
艱,jiang1,tɕiã1,
色,saq5,sʌʔ5,
色,shaq5,ʂʌʔ5,
艾,ngae4,ŋɛ4,
芒,mang2,mã2,
芒,muo2,muo̞2,
芋,yu4,y4,
芍,shaq6,ʂʌʔ6,
芍,suaq6,suʌʔ6,
芳,huon1,xuõ̞1,
芝,zr1,tsɿ1,
芙,hu2,xu2,
芭,ba1,pa1,
芽,nia2,ȵia2,
芟,sang1,sã1,
芹,qieng2,tɕʰiəŋ2,
芹,jieng2,tɕiəŋ2,
花,hua1,xua1,
芬,hueng1,xuəŋ1,
芥,jie4,tɕie̞4,
芻,cw1,tsʰʮ1,
苧,zw4,tsʮ4,
范,huon4,xuõ̞4,
茅,mo2,mɔ2,
苣,jyu4,tɕy4,
苛,ko3,kʰɔ3,
苦,ku3,kʰu3,
茄,qie2,tɕʰie̞2,
茄,jie2,tɕie̞2,
茄,jia1,tɕia1,
若,raq6,ɻʌʔ6,文白不確定存疑
若,zsuaq6,zuʌʔ6,
茂,mo4,mɔ4,
茉,maq6,mʌʔ6,
苒,rang3,ɻã3,
苗,mio2,miɔ2,
英,yeng1,iəŋ1,
茁,zuaq5,tsuʌʔ5,
苜,maq6,mʌʔ6,
苔,tae2,tʰɛ2,
苑,yue3,yẽ̞3,
苞,bo1,pɔ1,
苓,lieng2,liəŋ2,
苟,gou3,kɤu3,
茫,mang2,mã2,
荒,huon1,xuõ̞1,
荔,li4,li4,
荊,jieng1,tɕiəŋ1,
茸,zsueng2,zuəŋ2,
荐,jie4,tɕie̞4,
草,co3,tsʰɔ3,
茵,yeng1,iəŋ1,
茴,huae2,xuɛ2,
荏,reng3,ɻəŋ3,
茲,zr1,tsɿ1,
茹,zsw2,zʮ2,
茶,ca2,tsʰa2,
茗,mieng3,miəŋ3,
荀,xyueng1,ɕyəŋ1,
茱,cw2,tsʰʮ2,
莎,suo1,suo̞1,
莞,won2,uõ̞2,
莘,sheng1,ʂəŋ1,
荸,baq6,pʌʔ6,
莢,jiaq5,tɕiʌʔ5,
莖,jieng1,tɕiəŋ1,
莽,mang3,mã3,
莫,maq6,mʌʔ6,
莒,jyu3,tɕy3,
莊,zuon1,tsuõ̞1,
莊,zuo1,tsuo̞1,
莓,mae2,mɛ2,
莉,li4,li4,
莠,you3,iɤu3,
荷,ho2,xɔ2,
荷,hei3,xei3,
荷,ho4,xɔ4,
荻,diaq6,tiʌʔ6,
荼,tu2,tʰu2,
菩,pu2,pʰu2,
萃,cuei4,tsʰuei4,
菸,yu4,y4,
萍,pieng2,pʰiəŋ2,
菠,bo1,pɔ1,
菅,jiang1,tɕiã1,
萋,cei1,tsʰei1,
菁,jieng1,tɕiəŋ1,
菁,zei1,tsei1,
華,hua2,xua2,
菱,lieng2,liəŋ2,
菴,ngang1,ŋã1,
著,zw4,tsʮ4,
萊,lae2,lɛ2,
菰,gu1,ku1,
萌,meng2,məŋ2,
菌,jyueng3,tɕyəŋ3,
菽,suaq5,suʌʔ5,
菲,huei1,xuei1,
菊,jyuaq5,tɕyʌʔ5,
萸,yu2,y2,
萎,wei3,uei3,
萄,to2,tʰɔ2,
萄,do2,tɔ2,
菜,cae4,tsʰɛ4,
蒂,di4,ti4,
葷,hueng1,xuəŋ1,
落,laq6,lʌʔ6,
萱,xyue1,ɕyẽ̞1,
葵,kuei2,kʰuei2,
葵,ji2,tɕi2,
葦,wei3,uei3,
葦,yu4,y4,
葫,hu2,xu2,
葫,guaq6,kuʌʔ6,
葉,yaq6,iʌʔ6,
葬,zang4,tsã4,
葛,gaq5,kʌʔ5,
萼,ngaq6,ŋʌʔ6,
萵,wo1,uo̞1,
葡,pu2,pʰu2,
葡,bu2,pu2,
董,dueng3,tuəŋ3,
葩,pa1,pʰa1,
蓉,yueng2,yəŋ2,
蒿,ho1,xɔ1,
蓆,xiaq6,ɕiʌʔ6,
蓄,xyuaq5,ɕyʌʔ5,
蒙,meng2,məŋ2,
蒞,li4,li4,
蒲,pu2,pʰu2,
蒜,suon4,suõ̞4,
蓋,gae4,kɛ4,
蒸,zheng1,tʂəŋ1,
蒸,zhr1,tʂʅ1,
蓀,sueng1,suəŋ1,
蓓,bae4,pɛ4,
蒐,sou1,sɤu1,
蒼,cang1,tsʰã1,
蔗,zhe4,tʂʅɘ4,
蔽,bi4,pi4,
蔚,wei4,uei4,
蓮,lie2,lie̞2,
蔬,sw1,sʮ1,
蔭,yeng4,iəŋ4,
蔓,mang2,mã2,
蔑,miaq6,miʌʔ6,
蔣,jiang1,tɕiã1,
蔡,cae4,tsʰɛ4,
蔔,baq6,pʌʔ6,
蓬,peng2,pʰəŋ2,
蔥,cueng1,tsʰuəŋ1,
蓿,xyuaq5,ɕyʌʔ5,
蕊,zsuei3,zuei3,
蕙,huae4,xuɛ4,
蕈,jieng4,tɕiəŋ4,
蕨,jyuaq5,tɕyʌʔ5,
蕩,dang4,tã4,
蕃,huon2,xuõ̞2,
蕉,jio1,tɕiɔ1,
蕭,xio1,ɕiɔ1,
蕪,wu2,u2,
薪,xieng1,ɕiəŋ1,
薄,baq6,pʌʔ6,
蕾,luae3,luɛ3,
薜,bi4,pi4,
薑,jiang1,tɕiã1,
薑,jyuo1,tɕyo̞1,
薔,qiang2,tɕʰiã2,
薯,sw3,sʮ3,
薛,xiaq5,ɕiʌʔ5,
薇,wei2,uei2,
藏,cang2,tsʰã2,
藏,jyuo2,tɕyo̞2,
薩,saq5,sʌʔ5,
藍,lang2,lã2,
藐,mio3,miɔ3,
藉,jie4,tɕie̞4,
薰,xyueng1,ɕyəŋ1,
藩,huon2,xuõ̞2,
藝,ni4,ȵi4,
藪,sou3,sɤu3,
藕,ngou3,ŋɤu3,
藤,teng2,tʰəŋ2,
藥,yuaq6,yʌʔ6,
藻,zo3,tsɔ3,
藹,ngae4,ŋɛ4,
蘑,mo2,mɔ2,
蘑,mei2,mei2,
藺,lieng4,liəŋ4,
蘆,lou2,lɤu2,
蘋,pieng2,pʰiəŋ2,
蘇,sou1,sɤu1,
蘊,yueng1,yəŋ1,
蘗,niaq6,ȵiʌʔ6,
蘭,lang2,lã2,
蘚,xie3,ɕie̞3,
蘸,zang4,tsã4,
蘿,luo2,luo̞2,
蘿,lei2,lei2,
虎,hu3,xu3,
虐,nyuaq6,ȵyʌʔ6,
虔,qie2,tɕʰie̞2,
處,cw3,tsʰʮ3,
處,cw4,tsʰʮ4,
處,cuaq5,tsʰuʌʔ5,
彪,bio1,piɔ1,
虛,xyu1,ɕy1,
虜,lou3,lɤu3,
虞,yu2,y2,
號,ho2,xɔ2,
號,ho4,xɔ4,
虧,kuei1,kʰuei1,
虫,huei3,xuei3,
虱,shaq5,ʂʌʔ5,
虹,hueng2,xuəŋ2,
蚊,weng2,uəŋ2,
蚪,dou3,tɤu3,
蚓,yeng3,iəŋ3,
蚤,zo3,tsɔ3,
蚩,cr1,tsʰɿ1,
蚌,bang4,pã4,
蚣,gueng1,kuəŋ1,
蛇,she2,ʂʅɘ2,
蛇,che2,tʂʰʅɘ2,
蛀,zw4,tsʮ4,
蚶,gang1,kã1,
蛄,gu1,ku1,
蚵,ho2,xɔ2,
蛆,qyu1,tɕʰy1,
蛋,dang4,tã4,
蚱,zaq5,tsʌʔ5,
蚯,qiou1,tɕʰiɤu1,
蛟,jio1,tɕiɔ1,
蛙,wa1,ua1,
蛭,zhaq5,tʂʌʔ5,
蛔,huae2,xuɛ2,
蛛,zw1,tsʮ1,
蛤,gaq5,kʌʔ5,
蛹,yueng3,yəŋ3,
蜓,tieng2,tʰiəŋ2,
蜈,wu2,u2,
蜇,zhaq5,tʂʌʔ5,
蜀,suaq6,suʌʔ6,
蛾,ngo2,ŋɔ2,
蛻,tuae4,tʰuɛ4,
蜂,hueng1,xuəŋ1,
蜃,sheng4,ʂəŋ4,
蜿,won1,uõ̞1,
蜜,miaq6,miʌʔ6,
蜻,qieng1,tɕʰiəŋ1,
蜢,meng3,məŋ3,
蜥,xiaq5,ɕiʌʔ5,
蜴,yaq6,iʌʔ6,
蜘,zhr1,tʂʅ1,
蝕,shaq6,ʂʌʔ6,
螂,lang2,lã2,
蝴,hu2,xu2,
蝶,diaq6,tiʌʔ6,
蝠,huaq5,xuʌʔ5,
蝦,xia2,ɕia2,
蝸,wa1,ua1,
蝨,shaq5,ʂʌʔ5,
蝙,bie1,pie̞1,
蝗,huon2,xuõ̞2,
蝌,kuo1,kʰuo̞1,
螃,pang2,pʰã2,
螟,mieng2,miəŋ2,
螞,ma3,ma3,
螢,yeng2,iəŋ2,
融,yueng2,yəŋ2,
蟀,suaq5,suʌʔ5,存疑
蟑,zhang1,tʂã1,
螳,tang2,tʰã2,
蟒,mang3,mã3,
蟆,ma2,ma2,
螫,shaq5,ʂʌʔ5,
螻,lou2,lɤu2,
螺,luo2,luo̞2,
螺,lei2,lei2,
蟈,guaq5,kuʌʔ5,
蟋,xiaq5,ɕiʌʔ5,
蟯,ro2,ɻɔ2,
蟬,chang2,tʂʰã2,
蟲,cueng2,tsʰuəŋ2,
蟲,zueng2,tsuəŋ2,
蟻,ni3,ȵi3,
蠅,yeng2,iəŋ2,
蠅,yi2,i2,
蠍,xiaq5,ɕiʌʔ5,
蟹,xie4,ɕie̞4,
蠔,ho2,xɔ2,
蠕,zsw2,zʮ2,
蠣,li4,li4,
蠢,cueng3,tsʰuəŋ3,
蠡,li2,li2,
蠟,laq6,lʌʔ6,
蠱,gu3,ku3,
蠶,cang2,tsʰã2,
蠶,zang2,tsã2,
蠹,du4,tu4,
蠻,mang2,mã2,
血,xyuaq5,ɕyʌʔ5,
行,hang2,xã2,
行,huo2,xuo̞2,
行,xia2,ɕia2,
行,xieng2,ɕiəŋ2,
衍,ye3,ie̞3,
術,suaq6,suʌʔ6,
街,jie1,tɕie̞1,
衙,nia2,ȵia2,
衛,wei4,uei4,
衝,cueng1,tsʰuəŋ1,
衡,heng2,xəŋ2,
衢,qyu2,tɕʰy2,
衣,yi1,i1,
初,cw1,tsʰʮ1,
表,bio3,piɔ3,
衫,sang1,sã1,
衰,cuae1,tsʰuɛ1,
衰,suae1,suɛ1,
衷,zueng1,tsuəŋ1,
袁,yue2,yẽ̞2,
袂,mi4,mi4,
袞,gueng3,kuəŋ3,
袈,jia1,tɕia1,
被,bi4,pi4,
袒,tang3,tʰã3,
袖,xiou4,ɕiɤu4,
袍,po2,pʰɔ2,
袋,dae4,tɛ4,
裁,cae2,tsʰɛ2,
裂,liaq6,liʌʔ6,
袱,huaq6,xuʌʔ6,
裟,sa1,sa1,
裔,yi4,i4,
裙,qyueng2,tɕʰyəŋ2,
補,bu3,pu3,
裘,qiou2,tɕʰiɤu2,
裝,zuon1,tsuõ̞1,
裝,zuo1,tsuo̞1,
裡,li3,li3,
裡,lei3,lei3,
裊,nio3,ȵiɔ3,
裕,yu4,y4,
裳,chang2,tʂʰã2,
裳,suo2,suo̞2,
褂,gua4,kua4,
裴,pae2,pʰɛ2,
裹,guo3,kuo̞3,
裹,guei3,kuei3,
裸,luo3,luo̞3,
製,zhi4,tʂi4,
裨,bi1,pi1,
褚,zw3,tsʮ3,
褐,haq6,xʌʔ6,
複,huaq5,xuʌʔ5,
褒,bo1,pɔ1,
褓,bo3,pɔ3,
褪,tuae4,tʰuɛ4,
褲,ku4,kʰu4,
褥,zsuaq6,zuʌʔ6,
褫,chr3,tʂʰʅ3,
褻,xiaq5,ɕiʌʔ5,
褶,zhaq5,tʂʌʔ5,
襄,xiang1,ɕiã1,
褸,lou2,lɤu2,
襠,dang1,tã1,
襠,duo1,tuo̞1,
襟,jieng1,tɕiəŋ1,
襖,ngo3,ŋɔ3,
襤,lang2,lã2,
襪,waq6,uʌʔ6,
襲,xiaq6,ɕiʌʔ6,
襯,cheng4,tʂʰəŋ4,
西,sei1,sei1,
要,yo4,iɔ4,
覃,tang2,tʰã2,
覆,hu4,xu4,
見,jie4,tɕie̞4,
覓,miaq6,miʌʔ6,
規,ji1,tɕi1,
視,sr4,sɿ4,
親,qieng1,tɕʰiəŋ1,
覦,yu2,y2,
覬,ji4,tɕi4,
覲,jieng4,tɕiəŋ4,
覺,jio4,tɕiɔ4,
覺,jyuaq5,tɕyʌʔ5,
覽,lang3,lã3,
觀,guon1,kuõ̞1,
角,jyuaq5,tɕyʌʔ5,
解,jie3,tɕie̞3,
解,hae4,xɛ4,
解,jie4,tɕie̞4,
觴,shang1,ʂã1,
觸,cuaq5,tsʰuʌʔ5,
言,nie2,ȵie̞2,
計,ji4,tɕi4,
訂,dieng4,tiəŋ4,
訃,hu4,xu4,
記,ji4,tɕi4,
訐,jiaq5,tɕiʌʔ5,
討,to3,tʰɔ3,
訌,hueng4,xuəŋ4,
訕,sang4,sã4,
訊,xieng4,ɕiəŋ4,
託,taq5,tʰʌʔ5,
訓,xyueng4,ɕyəŋ4,
訖,jiaq5,tɕiʌʔ5,
訪,huon4,xuõ̞4,
訝,nia4,ȵia4,
訣,jyuaq5,tɕyʌʔ5,
訥,naq6,ȵʌʔ6,
許,xyu3,ɕy3,
設,shaq5,ʂʌʔ5,
訟,sueng4,suəŋ4,
訛,ngo2,ŋɔ2,
訛,ngie2,ŋie̞2,
註,zw4,tsʮ4,
詠,yueng3,yəŋ3,
評,pieng2,pʰiəŋ2,
詞,cr2,tsʰɿ2,
証,zheng4,tʂəŋ4,
詁,gu3,ku3,
詔,zho4,tʂɔ4,
詛,zw4,tsʮ4,
詐,za4,tsa4,
詆,di3,ti3,
訴,sou4,sɤu4,
診,zheng3,tʂəŋ3,
詫,ca4,tsʰa4,
該,gae1,kɛ1,
詳,xiang2,ɕiã2,
試,sr4,sɿ4,
詩,sr1,sɿ1,
詰,qiaq5,tɕʰiʌʔ5,
誇,kua1,kʰua1,
詼,huae1,xuɛ1,
詣,ni4,ȵi4,
誠,cheng2,tʂʰəŋ2,
話,hua4,xua4,
誅,zw1,tsʮ1,
詭,guei3,kuei3,
詢,xyueng1,ɕyəŋ1,
詮,qyue1,tɕʰyẽ̞1,
詬,gou3,kɤu3,
詹,zhang1,tʂã1,
誦,sueng4,suəŋ4,
誌,zr4,tsɿ4,
語,yu3,y3,
語,nyu3,ȵy3,
誣,wu1,u1,
認,reng4,ɻəŋ4,
誡,jie4,tɕie̞4,
誓,shr4,ʂʅ4,
誤,wu4,u4,
說,suei4,suei4,
說,suaq5,suʌʔ5,
誥,go4,kɔ4,
誨,huae4,xuɛ4,
誘,you4,iɤu4,
誑,kuon2,kʰuõ̞2,
誼,ni4,ȵi4,
諒,liang4,liã4,
談,tang2,tʰã2,
諄,zueng1,tsuəŋ1,
誕,dang4,tã4,
請,qieng3,tɕʰiəŋ3,
諸,zw1,tsʮ1,
課,kuo4,kʰuo̞4,
課,kuei4,kʰuei4,
諉,wei3,uei3,
諂,chang3,tʂʰã3,
調,tio2,tʰiɔ2,
調,dio2,tiɔ2,
調,dio4,tiɔ4,
誰,cuei2,tsʰuei2,
誰,suei2,suei2,
論,lueng2,luəŋ2,
論,lueng4,luəŋ4,
諍,zeng4,tsəŋ4,
諦,di4,ti4,
諺,nie4,ȵie̞4,
諫,jiang4,tɕiã4,
諱,huei4,xuei4,
謀,mu2,mu2,
諜,diaq6,tiʌʔ6,
諧,xie2,ɕie̞2,
諮,zr1,tsɿ1,
諾,naq6,ȵʌʔ6,
謁,yaq5,iʌʔ5,
謂,wei4,uei4,
諷,hueng3,xuəŋ3,
諭,yu4,y4,
謎,mi4,mi4,
謗,bang4,pã4,
謙,qie1,tɕʰie̞1,
講,jiang3,tɕiã3,
謊,huon3,xuõ̞3,
謠,yo2,iɔ2,
謝,xie4,ɕie̞4,
謄,teng2,tʰəŋ2,
謄,deng2,təŋ2,
謨,mu2,mu2,
謹,jieng3,tɕiəŋ3,
謬,mio4,miɔ4,推導音是否存在存疑
譁,hua1,xua1,
譜,pu3,pʰu3,
識,zr4,tsɿ4,
識,shaq5,ʂʌʔ5,
證,zheng4,tʂəŋ4,
譚,tang2,tʰã2,
譎,jyuaq5,tɕyʌʔ5,
譏,ji1,tɕi1,
議,ni4,ȵi4,
譬,pi4,pʰi4,
警,jieng3,tɕiəŋ3,
譯,yaq6,iʌʔ6,
譴,qie3,tɕʰie̞3,
護,hu4,xu4,
譽,yu2,y2,
讀,duaq6,tuʌʔ6,
變,bie4,pie̞4,
讓,rang4,ɻã4,
讒,cang2,tsʰã2,
讖,ceng4,tsʰəŋ4,
讚,zang4,tsã4,
谷,guaq5,kuʌʔ5,
豁,huaq5,xuʌʔ5,
谿,qi1,tɕʰi1,
豆,dou4,tɤu4,
豈,qi3,tɕʰi3,
豉,sr4,sɿ4,
豌,won1,uõ̞1,
豎,sw4,sʮ4,
豐,hueng1,xuəŋ1,
豔,ye4,ie̞4,
豕,sr3,sɿ3,
豚,tueng2,tʰuəŋ2,
象,xiang4,ɕiã4,
豢,huon4,xuõ̞4,
豪,ho2,xɔ2,
豬,zw1,tsʮ1,
豫,yu4,y4,
豺,cae2,tsʰɛ2,
豺,sae2,sɛ2,
豹,bo4,pɔ4,
貂,dio1,tiɔ1,
貊,miaq6,miʌʔ6,
貉,haq6,xʌʔ6,
貍,li2,li2,
貌,mo4,mɔ4,
貓,mo2,mɔ2,
貝,bae4,pɛ4,
貞,zheng1,tʂəŋ1,
負,hu4,xu4,
財,cae2,tsʰɛ2,
貢,gueng4,kuəŋ4,
販,huon4,xuõ̞4,
責,zaq6,tsʌʔ6,
貫,guon1,kuõ̞1,
貨,huo4,xuo̞4,
貨,huei4,xuei4,
貪,tang1,tʰã1,
貧,pieng2,pʰiəŋ2,
貯,zw4,tsʮ4,
貼,tiaq5,tʰiʌʔ5,
貳,er4,ər4,
貽,yi2,i2,
賁,huei2,xuei2,
賁,beng1,pəŋ1,
費,huei4,xuei4,
費,xi4,ɕi4,
賀,ho4,xɔ4,
賀,hei4,xei4,
貴,guei4,kuei4,
買,mae3,mɛ3,
貶,bie3,pie̞3,
貿,mo4,mɔ4,
貸,dae4,tɛ4,
賊,zaq6,tsʌʔ6,
資,zr1,tsɿ1,
賈,gu3,ku3,
賈,jia3,tɕia3,
賄,huae3,xuɛ3,
貲,zr1,tsɿ1,
賃,lieng4,liəŋ4,
賂,lou4,lɤu4,
賅,gae1,kɛ1,
賓,bieng1,piəŋ1,
賑,zheng3,tʂəŋ3,
賒,she1,ʂʅɘ1,
賠,pae2,pʰɛ2,
賠,bae2,pɛ2,
賞,shang3,ʂã3,
賦,hu4,xu4,
賤,jie4,tɕie̞4,
賬,zhang4,tʂã4,
賭,du3,tu3,
賢,xie2,ɕie̞2,
賣,mae4,mɛ4,
賜,sr4,sɿ4,
賜,cr4,tsʰɿ4,
質,zhr4,tʂʅ4,
質,zhaq5,tʂʌʔ5,
賴,lae4,lɛ4,
賺,zuon4,tsuõ̞4,
賽,sae4,sɛ4,
購,gou4,kɤu4,
贅,zuei4,tsuei4,
贈,zeng4,tsəŋ4,
贊,zang4,tsã4,
贏,yeng2,iəŋ2,
贏,yi2,i2,
贍,shang4,ʂã4,
贓,zang1,tsã1,
贖,suaq6,suʌʔ6,
贗,niang4,ȵiã4,
贛,gang3,kã3,
赤,chaq5,tʂʰʌʔ5,
赤,shaq5,ʂʌʔ5,
赧,nzang3,nzã3,
赦,she4,ʂʅɘ4,
赫,haq5,xʌʔ5,
赭,zhe3,tʂʅɘ3,
走,zou3,tsɤu3,
赴,hu4,xu4,
赳,jiou3,tɕiɤu3,
起,qi3,tɕʰi3,
越,yuaq6,yʌʔ6,
超,cho1,tʂʰɔ1,
超,sho4,ʂɔ4,
超,cho4,tʂʰɔ4,
趁,cheng2,tʂʰəŋ2,
趙,zho4,tʂɔ4,
趕,gang3,kã3,
趟,tang4,tʰã4,
趣,qyu4,tɕʰy4,
趨,qyu1,tɕʰy1,
足,jyuaq5,tɕyʌʔ5,
趴,ba2,pa2,實爲爬
趾,zr3,tsɿ3,
跎,tuo2,tʰuo̞2,
距,jyu4,tɕy4,
跋,baq6,pʌʔ6,
跚,sang1,sã1,
跑,po3,pʰɔ3,
跌,diaq5,tiʌʔ5,
跛,bo3,pɔ3,
跆,tae2,tʰɛ2,
跡,jiaq5,tɕiʌʔ5,
跟,geng1,kəŋ1,
跨,kua4,kʰua4,
路,lou4,lɤu4,
跳,tio2,tʰiɔ2,
跺,duo4,tuo̞4,
跺,duei4,tuei4,
跪,kuei4,kʰuei4,
跼,jyuaq6,tɕyʌʔ6,
踐,jie4,tɕie̞4,
踝,huae2,xuɛ2,
踢,tiaq5,tʰiʌʔ5,
踏,taq5,tʰʌʔ5,
踩,cae3,tsʰɛ3,
踟,chr2,tʂʰʅ2,
蹄,ti2,tʰi2,
蹄,di2,ti2,
踱,daq6,tʌʔ6,
踴,yueng3,yəŋ3,
蹂,rou2,ɻɤu2,
踹,cuae4,tsʰuɛ4,
踵,zueng3,tsuəŋ3,
蹉,cuo1,tsʰuo̞1,
蹋,daq6,tʌʔ6,
蹈,do3,tɔ3,
蹊,xi2,ɕi2,
蹙,jyuaq5,tɕyʌʔ5,
蹣,pang2,pʰã2,
蹦,beng4,pəŋ4,
蹤,zueng1,tsuəŋ1,
蹼,paq5,pʰʌʔ5,
蹲,dueng1,tuəŋ1,
躇,cw2,tsʰʮ2,
蹶,jyuaq5,tɕyʌʔ5,
蹬,deng4,təŋ4,
蹬,deng1,təŋ1,
蹺,qio1,tɕʰiɔ1,
蹺,qio4,tɕʰiɔ4,
躉,dueng3,tuəŋ3,
躁,zo4,tsɔ4,
躅,zuaq6,tsuʌʔ6,
躂,taq5,tʰʌʔ5,
躊,chou2,tʂʰɤu2,
躍,yuaq6,yʌʔ6,
躑,zhaq6,tʂʌʔ6,
躡,nraq6,ɳʌʔ6,
躪,lieng4,liəŋ4,
身,sheng1,ʂəŋ1,
躬,gueng1,kuəŋ1,
躲,duo3,tuo̞3,
躲,duei3,tuei3,
躺,tang3,tʰã3,
軀,qyu1,tɕʰy1,
車,jyu1,tɕy1,
車,che1,tʂʰʅɘ1,
軋,ngaq5,ŋʌʔ5,
軍,jyueng1,tɕyəŋ1,
軌,guei3,kuei3,
軒,xyue1,ɕyẽ̞1,
軔,reng4,ɻəŋ4,
軛,ngaq5,ŋʌʔ5,
軟,zsuon3,zuõ̞3,
軻,ko1,kʰɔ1,
軸,zuaq6,tsuʌʔ6,
軼,yaq6,iʌʔ6,
較,jio3,tɕiɔ3,
載,zae3,tsɛ3,zae4
軾,shaq5,ʂʌʔ5,
輊,zhr4,tʂʅ4,
輔,hu3,xu3,
輒,zhaq5,tʂʌʔ5,
輕,qieng1,tɕʰiəŋ1,
輓,won3,uõ̞3,
輝,huae1,xuɛ1,
輛,liang4,liã4,
輟,cuaq5,tsʰuʌʔ5,
輩,bae4,pɛ4,
輦,nie3,ȵie̞3,
輪,lueng2,luəŋ2,
輜,zr1,tsɿ1,
輻,huaq5,xuʌʔ5,
輯,jiaq6,tɕiʌʔ6,
輸,sw1,sʮ1,
轄,haq6,xʌʔ6,
輾,nrang3,ɳã3,
轂,guaq5,kuʌʔ5,
轅,yue2,yẽ̞2,
輿,yu2,y2,
轉,zuon3,tsuõ̞3,
轉,zuon4,tsuõ̞4,
轍,zhaq6,tʂʌʔ6,
轔,lieng2,liəŋ2,
轎,jio4,tɕiɔ4,
轟,hueng1,xuəŋ1,
轡,bi4,pi4,
辛,xieng1,ɕiəŋ1,
辜,gu1,ku1,
辟,piaq5,pʰiʌʔ5,
辟,biaq5,piʌʔ5,
辣,laq6,lʌʔ6,
辨,bie4,pie̞4,
辦,bang4,pã4,
辭,cr2,tsʰɿ2,
辯,bie4,pie̞4,
辰,cheng2,tʂʰəŋ2,
辱,zsuaq6,zuʌʔ6,
農,neng2,ȵəŋ2,
迂,yu2,y2,
迆,yi2,i2,
迅,xieng4,ɕiəŋ4,
迄,qiaq5,tɕʰiʌʔ5,
巡,xyueng2,ɕyəŋ2,
迎,yeng2,iəŋ2,
返,huon3,xuõ̞3,
近,jieng4,tɕiəŋ4,
述,suaq6,suʌʔ6,
迦,jia1,tɕia1,
迢,tio2,tʰiɔ2,
迪,diaq6,tiʌʔ6,
迥,jyueng3,tɕyəŋ3,
迭,diaq6,tiʌʔ6,
迫,piaq5,pʰiʌʔ5,
送,sueng4,suəŋ4,
逆,niaq6,ȵiʌʔ6,
迷,mi2,mi2,
退,tuae4,tʰuɛ4,
迺,nae3,ȵɛ3,
迴,huae2,xuɛ2,
逃,to2,tʰɔ2,
追,zuei1,tsuei1,
逅,hou4,xɤu4,
這,nie4,ȵie̞4,
這,zaq5,tsʌʔ5,
這,zae3,tsɛ3,
逍,xio1,ɕiɔ1,
通,tueng1,tʰuəŋ1,
逗,dou4,tɤu4,
連,lie2,lie̞2,
速,xyuaq5,ɕyʌʔ5,
逝,shr4,ʂʅ4,
逐,zuaq6,tsuʌʔ6,
逕,jieng4,tɕiəŋ4,
逞,cheng3,tʂʰəŋ3,
造,co4,tsʰɔ4,
造,zo4,tsɔ4,
透,tou4,tʰɤu4,
逢,hueng2,xuəŋ2,
逖,tiaq5,tʰiʌʔ5,
逛,guon4,kuõ̞4,
途,tu2,tʰu2,
逮,dae4,tɛ4,
逮,dae3,tɛ3,
逵,kuei2,kʰuei2,
週,zhou1,tʂɤu1,
逸,yaq6,iʌʔ6,
進,jieng4,tɕiəŋ4,
運,yueng4,yəŋ4,
遊,you2,iɤu2,
道,do4,tɔ4,
遂,suei4,suei4,
達,daq6,tʌʔ6,
逼,biaq5,piʌʔ5,
違,wei2,uei2,
遐,xia2,ɕia2,
遇,yu4,y4,
遏,ngaq5,ŋʌʔ5,
過,guo4,kuo̞4,
過,guei4,kuei4,
遍,bie4,pie̞4,
遑,huon2,xuõ̞2,
逾,yu2,y2,
遁,dueng4,tuəŋ4,
遠,yue3,yẽ̞3,
遘,gou4,kɤu4,
遜,xyueng4,ɕyəŋ4,
遣,qie3,tɕʰie̞3,
遙,yo2,iɔ2,
遞,di4,ti4,
適,shaq5,ʂʌʔ5,
遮,zhe1,tʂʅɘ1,
遨,ngo2,ŋɔ2,
遭,zo1,tsɔ1,
遷,qie1,tɕʰie̞1,
遵,zueng1,tsuəŋ1,
遴,lieng2,liəŋ2,
選,xyue3,ɕyẽ̞3,
遲,chr2,tʂʰʅ2,
遲,zhr2,tʂʅ2,
遼,lio2,liɔ2,
遺,wei2,uei2,
遺,yi2,i2,
避,bi4,pi4,
遽,jyu4,tɕy4,
還,huon2,xuõ̞2,
邁,mae4,mɛ4,
邂,xie4,ɕie̞4,
邀,yo1,iɔ1,
邇,er3,ər3,
邊,bie1,pie̞1,
邐,li3,li3,
邏,luo4,luo̞4,
邑,yaq5,iʌʔ5,
邕,yueng1,yəŋ1,
邢,xieng2,ɕiəŋ2,
邢,xi2,ɕi2,
邪,xie2,ɕie̞2,
邦,bang1,pã1,
那,na4,ȵa4,
邵,sho4,ʂɔ4,
邸,di3,ti3,
邱,qiou1,tɕʰiɤu1,
郊,jio1,tɕiɔ1,
郎,lang2,lã2,
郁,yuaq5,yʌʔ5,
郡,jyueng4,tɕyəŋ4,
部,bu4,pu4,
郭,guaq5,kuʌʔ5,
都,du1,tu1,
鄂,ngaq6,ŋʌʔ6,
郵,you2,iɤu2,
鄉,xiang1,ɕiã1,
鄒,zou1,tsɤu1,
鄙,bi3,pi3,
鄰,lieng2,liəŋ2,
鄭,zheng4,tʂəŋ4,
鄧,deng4,təŋ4,
鄱,po2,pʰɔ2,
鄹,zou1,tsɤu1,
酉,you3,iɤu3,
酋,qiou2,tɕʰiɤu2,
酊,dieng3,tiəŋ3,
酒,jiou3,tɕiɤu3,
配,pae4,pʰɛ4,
酌,zuaq5,tsuʌʔ5,
酗,xyu4,ɕy4,
酣,hang1,xã1,
酥,sou1,sɤu1,
酬,chou2,tʂʰɤu2,
酪,laq6,lʌʔ6,
酩,mieng3,miəŋ3,
酵,jio4,tɕiɔ4,
酸,suon1,suõ̞1,
酷,kuaq5,kʰuʌʔ5,
醇,cueng2,tsʰuəŋ2,
醉,zuei4,tsuei4,
醋,cou4,tsʰɤu4,
醃,ye1,ie̞1,
醒,xieng1,ɕiəŋ1,
醣,tang2,tʰã2,
醞,yueng4,yəŋ4,
醜,chou3,tʂʰɤu3,
醫,yi1,i1,
醬,jiang4,tɕiã4,
醺,xyueng1,ɕyəŋ1,
釀,niang4,ȵiã4,
釁,xieng4,ɕiəŋ4,
采,cae3,tsʰɛ3,
釉,you4,iɤu4,
釋,shaq5,ʂʌʔ5,
里,li3,li3,
重,cueng2,tsʰuəŋ2,
重,zueng2,tsuəŋ2,
重,zueng4,tsuəŋ4,
野,ye3,ie̞3,
量,liang2,liã2,
量,luo2,luo̞2,
量,liang4,liã4,
釐,li2,li2,
金,jieng1,tɕiəŋ1,
釘,dieng1,tiəŋ1,
釘,di1,ti1,
釘,di4,ti4,
針,zheng1,tʂəŋ1,
釗,zho1,tʂɔ1,
釜,hu3,xu3,
釵,cae1,tsʰɛ1,
釦,kou3,kʰɤu3,
釣,dio4,tiɔ4,
釧,cuon4,tsʰuõ̞4,
鈔,co1,tsʰɔ1,
鈣,gae4,kɛ4,
鈕,nrou3,ɳɤu3,
鈉,naq6,ȵʌʔ6,
鈞,jyueng1,tɕyəŋ1,
鈍,dueng4,tuəŋ4,
鈐,qie2,tɕʰie̞2,
鈷,gu3,ku3,
鉗,qie2,tɕʰie̞2,
鈸,baq6,pʌʔ6,
鉀,jiaq5,tɕiʌʔ5,
鈾,you4,iɤu4,
鉛,qiang1,tɕʰiã1,
鉛,ye2,ie̞2,
鉤,gou1,kɤu1,
鉑,biaq5,piʌʔ5,
鈴,lieng2,liəŋ2,
鉸,jio3,tɕiɔ3,
銬,ko4,kʰɔ4,
銀,nieng2,ȵiəŋ2,
銅,tueng2,tʰuəŋ2,
銅,dueng2,tuəŋ2,
銘,mieng2,miəŋ2,
銖,zw1,tsʮ1,
鉻,gaq5,kʌʔ5,
銓,qyue1,tɕʰyẽ̞1,
銜,hang2,xã2,
鋅,xieng1,ɕiəŋ1,
銻,di4,ti4,
銷,xio1,ɕiɔ1,
鋪,pu1,pʰu1,
鋤,cw2,tsʰʮ2,
鋤,sw2,sʮ2,
鋁,luei3,luei3,
銳,zsuei4,zuei4,
銼,cuo2,tsʰuo̞2,
鋒,hueng1,xuəŋ1,
錠,dieng4,tiəŋ4,
錶,bio3,piɔ3,
鋸,jyu4,tɕy4,
錳,meng3,məŋ3,
錯,cuo4,tsʰuo̞4,
錯,caq5,tsʰʌʔ5,
錢,qie2,tɕʰie̞2,
錢,jie2,tɕie̞2,
鋼,gang1,kã1,
錫,xiaq5,ɕiʌʔ5,
錄,luaq6,luʌʔ6,
錚,zeng1,tsəŋ1,
錐,zuei1,tsuei1,
錦,jieng3,tɕiəŋ3,
鍍,du4,tu4,
鎂,mei3,mei3,
錨,mo2,mɔ2,
鍵,jie4,tɕie̞4,
鍊,lyue4,lyẽ̞4,
鍥,qiaq5,tɕʰiʌʔ5,
鍋,guo1,kuo̞1,
鍋,guei1,kuei1,
錘,cuei2,tsʰuei2,
鍾,zueng1,tsuəŋ1,
鍬,qio1,tɕʰiɔ1,
鍛,duon4,tuõ̞4,
鎔,yueng2,yəŋ2,
鎊,bang4,pã4,
鎖,suo3,suo̞3,
鎖,xyue3,ɕyẽ̞3,
鎢,wu1,u1,
鎳,niaq6,ȵiʌʔ6,
鎮,zheng1,tʂəŋ1,
鏡,jieng4,tɕiəŋ4,
鏡,ji4,tɕi4,
鏑,diaq5,tiʌʔ5,
鏟,cang3,tsʰã3,
鏃,jyuaq5,tɕyʌʔ5,
鏈,lie4,lie̞4,
鏜,tang2,tʰã2,
鏖,ngo2,ŋɔ2,
鏢,bio1,piɔ1,
鏘,qiang1,tɕʰiã1,
鏤,lou4,lɤu4,
鏗,keng1,kʰəŋ1,
鐘,zueng1,tsuəŋ1,
鐃,nzo2,nzɔ2,
鏽,xiou4,ɕiɤu4,
鐮,lie2,lie̞2,
鐳,luae2,luɛ2,
鐵,tiaq5,tʰiʌʔ5,
鐺,dang1,tã1,
鐸,daq6,tʌʔ6,
鐲,zuaq6,tsuʌʔ6,
鑄,zw4,tsʮ4,
鑑,jiang4,tɕiã4,
鑒,jiang4,tɕiã4,
鑣,bio1,piɔ1,
鑠,suaq5,suʌʔ5,
鑲,xiang1,ɕiã1,
鑰,yuaq6,yʌʔ6,
鑽,zuon1,tsuõ̞1,
鑽,zuon4,tsuõ̞4,
鑾,luon2,luõ̞2,
鑼,luo2,luo̞2,
鑼,lei2,lei2,
鑿,zaq6,tsʌʔ6,
長,chang2,tʂʰã2,
長,zuo2,tsuo̞2,
長,zuo3,tsuo̞3,
長,zhang3,tʂã3,
門,meng2,məŋ2,
閂,suon1,suõ̞1,
閃,shang3,ʂã3,
閉,bi4,pi4,
閔,mieng3,miəŋ3,
閏,zsueng4,zuəŋ4,
開,kae1,kʰɛ1,
閑,xiang2,ɕiã2,
間,jiang1,tɕiã1,
閒,xiang2,ɕiã2,
閘,zaq5,tsʌʔ5,
閡,ngae4,ŋɛ4,未知，存疑
閨,guei1,kuei1,
閨,jyu1,tɕy1,
閩,mieng3,miəŋ3,
閣,gaq5,kʌʔ5,
閥,huaq6,xuʌʔ6,
閤,gaq5,kʌʔ5,
閭,luei3,luei3,
閱,yuaq6,yʌʔ6,
閻,ye2,ie̞2,
闊,kuaq5,kʰuʌʔ5,
闋,qyuaq5,tɕʰyʌʔ5,
闌,lang2,lã2,
闈,wei2,uei2,
闆,bang3,pã3,
闔,haq6,xʌʔ6,
闖,cuon3,tsʰuõ̞3,
闐,tie2,tʰie̞2,
關,guon1,kuõ̞1,
闡,chang3,tʂʰã3,
闢,piaq5,pʰiʌʔ5,
阜,hu4,xu4,
阡,qie1,tɕʰie̞1,
防,huon2,xuõ̞2,
阮,yue2,yẽ̞2,存疑
阱,jieng3,tɕiəŋ3,
阪,bang3,pã3,
陀,tuo2,tʰuo̞2,
阿,ngo1,ŋɔ1,
阿,ngie1,ŋie̞1,
阻,zw3,tsʮ3,
附,hu4,xu4,
限,xiang4,ɕiã4,
陋,lou4,lɤu4,
陌,miaq6,miʌʔ6,
降,xiang2,ɕiã2,
院,yue4,yẽ̞4,
陣,zheng4,tʂəŋ4,
陡,dou3,tɤu3,
陛,bi4,pi4,
陝,shang3,ʂã3,
除,cw2,tsʰʮ2,
陪,pae2,pʰɛ2,
陵,lieng2,liəŋ2,
陳,cheng2,tʂʰəŋ2,
陸,luaq6,luʌʔ6,
陰,yeng1,iəŋ1,
陴,pi2,pʰi2,
陶,to2,tʰɔ2,
陶,do2,tɔ2,
陷,xiang4,ɕiã4,
隊,duae4,tuɛ4,
階,jie1,tɕie̞1,
隋,suei2,suei2,
陽,yang2,iã2,
陽,yuo2,yo̞2,
隅,yu2,y2,
隆,lueng2,luəŋ2,
隍,huon2,xuõ̞2,
陲,cuei2,tsʰuei2,
隘,ngae4,ŋɛ4,
隔,gaq5,kʌʔ5,
隔,jiaq5,tɕiʌʔ5,
隕,yueng3,yəŋ3,
隙,xiaq5,ɕiʌʔ5,
障,zhang4,tʂã4,
際,ji4,tɕi4,
隧,suei4,suei4,
隨,suei2,suei2,
隨,xyu2,ɕy2,
險,xie3,ɕie̞3,
隱,yeng3,iəŋ3,
隴,lueng3,luəŋ3,
隸,li4,li4,
隻,zhaq5,tʂʌʔ5,
雀,qyuaq5,tɕʰyʌʔ5,
雀,qio3,tɕʰiɔ3,
雁,niang4,ȵiã4,
雅,ya3,ia3,
雄,xyueng2,ɕyəŋ2,
雋,jyue4,tɕyẽ̞4,
集,jiaq6,tɕiʌʔ6,
雇,gu4,ku4,
雍,yueng1,yəŋ1,
雉,zhr4,tʂʅ4,
雌,cr1,tsʰɿ1,
雕,dio1,tiɔ1,
雖,suei1,suei1,
雜,zaq6,tsʌʔ6,
雙,suon1,suõ̞1,
雙,cuo1,tsʰuo̞1,
雛,cw2,tsʰʮ2,
雞,ji1,tɕi1,
離,li2,li2,
難,nang2,ȵã2,
難,nang4,ȵã4,
雨,yu3,y3,
雪,xyuaq5,ɕyʌʔ5,
雯,weng2,uəŋ2,
雲,yueng2,yəŋ2,
雷,luae2,luɛ2,
電,die4,tie̞4,
雹,baq6,pʌʔ6,
零,lieng2,liəŋ2,
零,li2,li2,
需,xyu1,ɕy1,
霄,xio1,ɕiɔ1,
霆,tieng2,tʰiəŋ2,
震,zheng4,tʂəŋ4,
霉,mae2,mɛ2,
霎,saq5,sʌʔ5,
霑,zhang1,tʂã1,
霖,lieng2,liəŋ2,
霍,huaq5,xuʌʔ5,
霓,ni2,ȵi2,
霏,huei1,xuei1,
霜,suon1,suõ̞1,
霞,xia2,ɕia2,
霪,yeng2,iəŋ2,
霧,wu4,u4,
霸,ba4,pa4,
霹,piaq5,pʰiʌʔ5,
露,lou4,lɤu4,
霽,ji4,tɕi4,
霾,mae2,mɛ2,
靂,liaq6,liʌʔ6,
靈,lieng2,liəŋ2,
靄,ngae4,ŋɛ4,
青,qieng1,tɕʰiəŋ1,
青,cei1,tsʰei1,
靖,jieng4,tɕiəŋ4,
靛,die4,tie̞4,
靜,jieng4,tɕiəŋ4,
非,huei1,xuei1,
靠,ko4,kʰɔ4,
靡,mi3,mi3,
面,mie4,mie̞4,
靦,tie3,tʰie̞3,
靨,yaq5,iʌʔ5,
革,gaq5,kʌʔ5,
靴,xyue1,ɕyẽ̞1,
靶,ba4,pa4,
靶,ba3,pa3,
靼,daq5,tʌʔ5,
鞅,yang3,iã3,
鞍,ngang1,ŋã1,
鞋,xie2,ɕie̞2,
鞋,hae2,xɛ2,
鞏,jyueng3,tɕyəŋ3,
鞏,gueng3,kuəŋ3,
鞘,so1,sɔ1,
鞠,jyuaq5,tɕyʌʔ5,
鞣,rou2,ɻɤu2,
鞦,qiou1,tɕʰiɤu1,
鞭,bie1,pie̞1,
韃,daq6,tʌʔ6,
韁,jiang1,tɕiã1,
韆,qie1,tɕʰie̞1,
韋,wei2,uei2,
韌,reng4,ɻəŋ4,
韓,hang2,xã2,
韜,to1,tʰɔ1,
韭,jiou3,tɕiɤu3,
音,yeng1,iəŋ1,
章,zhang1,tʂã1,
竟,jieng4,tɕiəŋ4,
韶,sho2,ʂɔ2,
韻,yueng4,yəŋ4,
響,xiang3,ɕiã3,
頁,yaq6,iʌʔ6,
頂,dieng3,tiəŋ3,
頃,qieng1,tɕʰiəŋ1,
項,xiang4,ɕiã4,
項,xyuo4,ɕyo̞4,
順,sueng4,suəŋ4,
須,xyu1,ɕy1,
預,yu4,y4,
頑,won2,uõ̞2,
頓,dueng4,tuəŋ4,
頒,bang1,pã1,
頌,sueng4,suəŋ4,
頗,po1,pʰɔ1,
領,lieng3,liəŋ3,
領,li3,li3,
頡,jiaq5,tɕiʌʔ5,
頰,jiaq5,tɕiʌʔ5,
頸,jieng3,tɕiəŋ3,
頻,pieng2,pʰiəŋ2,
頷,hang4,xã4,
頭,tou2,tʰɤu2,
頭,dou2,tɤu2,
頹,tuae2,tʰuɛ2,
頤,yi2,i2,
顆,kuo3,kʰuo̞3,
顆,kuei3,kʰuei3,
額,ngaq6,ŋʌʔ6,
顏,niang2,ȵiã2,
題,ti2,tʰi2,
顎,ngaq5,ŋʌʔ5,
顓,zuon1,tsuõ̞1,
類,luei4,luei4,
願,yue4,yẽ̞4,
顛,die1,tie̞1,
顧,gu4,ku4,
顫,zhang4,tʂã4,
顯,xie3,ɕie̞3,
顰,pieng2,pʰiəŋ2,
顱,lou2,lɤu2,
風,hueng1,xuəŋ1,
颯,saq5,sʌʔ5,
颱,tae2,tʰɛ2,
颳,guaq5,kuʌʔ5,
颶,jyu4,tɕy4,
颺,yang2,iã2,
颼,sou1,sɤu1,
飄,pio2,pʰiɔ2,
飛,huei1,xuei1,
食,shaq6,ʂʌʔ6,
食,si4,si4,
飢,ji1,tɕi1,
飧,sueng1,suəŋ1,
飪,reng3,ɻəŋ3,
飯,huon4,xuõ̞4,
飩,tueng2,tʰuəŋ2,
飲,yeng3,iəŋ3,
飭,chaq5,tʂʰʌʔ5,
飼,sr4,sɿ4,
飴,yi2,i2,
飽,bo3,pɔ3,
飾,shaq5,ʂʌʔ5,
餃,jio3,tɕiɔ3,
餅,bieng3,piəŋ3,
餌,er4,ər4,
餉,shang4,ʂã4,
養,yang3,iã3,
養,yuo3,yo̞3,
餓,ngo4,ŋɔ4,
餓,ngie4,ŋie̞4,
餒,nae3,ȵɛ3,
餘,yu2,y2,
餐,cang1,tsʰã1,
館,guon3,kuõ̞3,
餞,jie4,tɕie̞4,
餛,hueng2,xuəŋ2,
餡,xiang4,ɕiã4,
餵,wei4,uei4,
餵,yu4,y4,
餾,liou4,liɤu4,
餿,sou1,sɤu1,
餽,guei4,kuei4,
饅,mang2,mã2,
饒,ro2,ɻɔ2,
饑,ji1,tɕi1,
饜,ye1,ie̞1,
饞,cang2,tsʰã2,
首,shou3,ʂɤu3,
香,xiang1,ɕiã1,
馥,haq6,xʌʔ6,
馨,xieng1,ɕiəŋ1,
馬,ma3,ma3,
馮,hueng2,xuəŋ2,
馭,yu4,y4,
馳,chr2,tʂʰʅ2,
馱,tuo2,tʰuo̞2,
馴,xyueng4,ɕyəŋ4,
駁,baq5,pʌʔ5,
駝,tuo2,tʰuo̞2,
駝,dei2,tei2,
駐,zw4,tsʮ4,
駟,sr4,sɿ4,
駛,sr3,sɿ3,
駑,nou2,ȵɤu2,
駕,jia4,tɕia4,
駒,jyu1,tɕy1,
駙,hu4,xu4,
駭,hae4,xɛ4,
駢,pie2,pʰie̞2,
駱,laq6,lʌʔ6,
駱,lo4,lɔ4,
騁,cheng3,tʂʰəŋ3,
駿,jyueng4,tɕyəŋ4,
騎,qi2,tɕʰi2,
騎,ji2,tɕi2,
騎,ji4,tɕi4,
騖,wu4,u4,
騙,pie4,pʰie̞4,
騫,qie1,tɕʰie̞1,
騰,teng2,tʰəŋ2,
騰,deng2,təŋ2,
騷,so1,sɔ1,
驅,qyu1,tɕʰy1,
驃,bio4,piɔ4,
驀,miaq6,miʌʔ6,
騾,luo2,luo̞2,
騾,lei2,lei2,
驕,jio1,tɕiɔ1,
驚,jieng1,tɕiəŋ1,
驛,yaq6,iʌʔ6,
驗,nie4,ȵie̞4,
驟,zou4,tsɤu4,
驢,luei2,luei2,
驥,ji4,tɕi4,
驪,li2,li2,
骨,guaq5,kuʌʔ5,
骯,ngang1,ŋã1,
骰,tou2,tʰɤu2,
骷,ku1,kʰu1,
骷,guaq6,kuʌʔ6,
骸,xie2,ɕie̞2,
骼,gaq5,kʌʔ5,
髏,lou2,lɤu2,
髒,zang1,tsã1,
髓,suei3,suei3,
體,ti3,tʰi3,
高,go1,kɔ1,
髦,mo2,mɔ2,
髮,huaq5,xuʌʔ5,
髯,rang2,ɻã2,
髻,ji4,tɕi4,
髭,zr1,tsɿ1,
鬃,cueng2,tsʰuəŋ2,
鬆,sueng1,suəŋ1,
鬍,hu2,xu2,
鬚,xyu1,ɕy1,
鬢,bieng4,piəŋ4,
鬥,dou4,tɤu4,
鬧,no4,ȵɔ4,
鬨,hueng4,xuəŋ4,
鬱,yuaq5,yʌʔ5,
鬲,gaq5,kʌʔ5,
鬼,guei3,kuei3,
魁,kuae1,kʰuɛ1,
魂,hueng2,xuəŋ2,
魅,mi4,mi4,
魄,piaq5,pʰiʌʔ5,
魏,wei4,uei4,
魏,yu4,y4,
魔,mo2,mɔ2,
魔,mei2,mei2,
魘,ye3,ie̞3,
魚,yu2,y2,
魚,nyu2,ȵy2,
魷,you2,iɤu2,
魯,lou3,lɤu3,
鮑,bo4,pɔ4,
鮮,xie1,ɕie̞1,
鮫,jio1,tɕiɔ1,
鮪,wei3,uei3,
鯊,sa1,sa1,
鯉,li3,li3,
鯽,jiaq5,tɕiʌʔ5,
鯨,jieng1,tɕiəŋ1,
鯧,chang1,tʂʰã1,
鰓,sae1,sɛ1,
鰍,qiou1,tɕʰiɤu1,
鰭,qi2,tɕʰi2,
鰥,guon1,kuõ̞1,
鱉,biaq5,piʌʔ5,
鰱,lie2,lie̞2,
鰾,bio4,piɔ4,
鰻,mang2,mã2,
鱔,shang4,ʂã4,
鱗,lieng2,liəŋ2,
鱖,guei4,kuei4,
鱷,ngaq5,ŋʌʔ5,
鱸,lou2,lɤu2,
鳥,nio3,ȵiɔ3,
鳩,jiou1,tɕiɤu1,
鳴,mieng2,miəŋ2,
鳶,yue2,yẽ̞2,
鳳,hueng4,xuəŋ4,
鴆,zheng4,tʂəŋ4,
鴉,ya1,ia1,
鴉,nga1,ŋa1,
鴕,tuo2,tʰuo̞2,
鴣,gu1,ku1,
鴦,yang1,iã1,
鴨,ngaq5,ŋʌʔ5,
鴒,lieng2,liəŋ2,
鴛,yue1,yẽ̞1,
鴻,hueng2,xuəŋ2,
鴿,gaq5,kʌʔ5,
鵑,jyue1,tɕyẽ̞1,
鵝,ngo2,ŋɔ2,
鵝,ngie2,ŋie̞2,
鵠,huaq6,xuʌʔ6,
鶉,cueng2,tsʰuəŋ2,
鵡,wu3,u3,
鵲,qyuaq5,tɕʰyʌʔ5,
鵲,qiaq5,tɕʰiʌʔ5,
鵪,ngang1,ŋã1,
鵬,peng2,pʰəŋ2,
鶯,yeng1,iəŋ1,
鶴,haq6,xʌʔ6,
鷂,yo2,iɔ2,
鷓,zhe4,tʂʅɘ4,
鷗,ngou1,ŋɤu1,
鷥,sr1,sɿ1,
鷹,yeng1,iəŋ1,
鷺,lou4,lɤu4,
鸚,yeng1,iəŋ1,
鸞,luon2,luõ̞2,
鹹,xiang2,ɕiã2,
鹹,hang2,xã2,
鹼,jiang3,tɕiã3,
鹽,ye2,ie̞2,
鹿,luaq6,luʌʔ6,
麂,ji3,tɕi3,
麋,mi2,mi2,
麒,qi2,tɕʰi2,
麗,li4,li4,
麓,luaq6,luʌʔ6,
麝,she4,ʂʅɘ4,
麟,lieng2,liəŋ2,
麥,miaq6,miʌʔ6,
麩,hu1,xu1,
麴,qyuaq5,tɕʰyʌʔ5,
麵,mie4,mie̞4,
麻,ma2,ma2,
麼,mo3,mɔ3,
麾,huei1,xuei1,
黃,huon2,xuõ̞2,
黃,huo2,xuo̞2,
黍,sw3,sʮ3,
黎,li2,li2,
黏,nrang2,ɳã2,
黑,haq5,xʌʔ5,
墨,miaq6,miʌʔ6,
默,miaq6,miʌʔ6,
黔,qieng2,tɕʰiəŋ2,
點,die3,tie̞3,
黜,cuaq5,tsʰuʌʔ5,
黝,you3,iɤu3,
黛,dae4,tɛ4,
黠,xiaq6,ɕiʌʔ6,
黨,dang3,tã3,
黯,ngang4,ŋã4,
黴,mae2,mɛ2,
黷,duaq6,tuʌʔ6,
鼇,ngo2,ŋɔ2,
鼎,dieng3,tiəŋ3,
鼓,gu3,ku3,
鼕,dueng1,tuəŋ1,
鼙,pi2,pʰi2,
鼠,sw3,sʮ3,
鼬,you4,iɤu4,
鼴,ye3,ie̞3,
鼻,biaq6,piʌʔ6,
鼾,hang1,xã1,
齊,cei2,tsʰei2,
齋,zae1,tsɛ1,
齒,cr3,tsʰɿ3,
齟,zw4,tsʮ4,
齣,cuaq5,tsʰuʌʔ5,
齡,lieng2,liəŋ2,
齜,zr1,tsɿ1,
齦,nieng2,ȵiəŋ2,
齬,yu2,y2,
齪,cuaq5,tsʰuʌʔ5,
齷,yuaq5,yʌʔ5,
齲,qyu3,tɕʰy3,
龍,lueng2,luəŋ2,
龔,gueng3,kuəŋ3,
龜,guei1,kuei1,
